,mean_fit_time,mean_score_time,mean_test_score,mean_train_score,param_alpha,param_degree,param_gamma,param_kernel,params,rank_test_score,split0_test_score,split0_train_score,split1_test_score,split1_train_score,split2_test_score,split2_train_score,split3_test_score,split3_train_score,split4_test_score,split4_train_score,std_fit_time,std_score_time,std_test_score,std_train_score
0,0.3451206207275391,0.012726545333862305,0.5614800166676729,0.575813164660697,0.01,2,0.1,polynomial,"{'alpha': 0.01, 'gamma': 0.1, 'degree': 2, 'kernel': 'polynomial'}",93,0.5684583333829609,0.5749695306862498,0.5852417492967397,0.5673010666938023,0.5321052327669777,0.5844012851584508,0.5544557562382453,0.5783808416587677,0.5671390116534409,0.5740130991062146,0.021899418211816818,0.0009081551644264555,0.017649698183006043,0.005599223962865724
1,0.32532057762145994,0.012610435485839844,0.5687555575514682,0.5865455519250093,0.01,2,0.3,polynomial,"{'alpha': 0.01, 'gamma': 0.3, 'degree': 2, 'kernel': 'polynomial'}",47,0.5793794610279255,0.5843451443703237,0.5891198518251346,0.5778111542702257,0.5338066631434242,0.5974117073594625,0.5647113383672099,0.587969337097672,0.5767604733936468,0.5851904165273633,0.015816972097621465,0.00031353263323577566,0.019128154187672466,0.006372886094826282
2,0.31847190856933594,0.012671995162963866,0.5693543758099666,0.5900627192120266,0.01,2,0.5,polynomial,"{'alpha': 0.01, 'gamma': 0.5, 'degree': 2, 'kernel': 'polynomial'}",41,0.5840477784684368,0.5874150650256447,0.583822248320021,0.5812332629222079,0.5327016555335933,0.6016244490613258,0.5687486149300558,0.5908942910183999,0.5774515817977264,0.5891465280325544,0.00822943004684685,0.0009624265955832522,0.019154994186170036,0.006635870494805628
3,0.31828885078430175,0.012216758728027344,0.5670552090513588,0.5918034195372849,0.01,2,0.7,polynomial,"{'alpha': 0.01, 'gamma': 0.7, 'degree': 2, 'kernel': 'polynomial'}",56,0.5861628342238774,0.5888931764320628,0.5699145649587078,0.582938032357217,0.5319477325365937,0.6036048165728127,0.5708169915516323,0.5923392476620575,0.5764339219859829,0.5912418246622744,0.006513317437677234,0.00028908751276967193,0.018482009777416483,0.006737062822285475
4,0.31670122146606444,0.012636947631835937,0.5620328110656939,0.5928763378938908,0.01,2,0.9,polynomial,"{'alpha': 0.01, 'gamma': 0.9, 'degree': 2, 'kernel': 'polynomial'}",90,0.5873037302197173,0.5897415494901488,0.5445064667315671,0.5840113188850155,0.5313508545752997,0.6048070064934666,0.5719797944868721,0.5932547453309113,0.5750232093150136,0.5925670692699122,0.0024606826766917582,0.00020282347978189884,0.020759901158450278,0.006796986874594235
5,0.3399224758148193,0.013060712814331054,0.5584017873397468,0.5932771160002799,0.01,2,1,polynomial,"{'alpha': 0.01, 'gamma': 1, 'degree': 2, 'kernel': 'polynomial'}",112,0.5876851789378614,0.590040557248593,0.5266209533396018,0.5844222358100968,0.5310500622450185,0.6052582571286363,0.5723505668590129,0.5936053543897515,0.5743021753172394,0.5930591754243215,0.015036093534589495,0.0007508242007547367,0.024750943767067875,0.006820369447591314
6,0.48103899955749513,0.06204204559326172,0.5636031676663208,0.5841774590708215,0.01,3,0.1,polynomial,"{'alpha': 0.01, 'gamma': 0.1, 'degree': 3, 'kernel': 'polynomial'}",82,0.5731371014597643,0.5823923550838859,0.5838720730110413,0.5749912592200892,0.5311581743503391,0.5938651538428206,0.5591961699784573,0.5864484451825436,0.5706523195320021,0.5831900820247685,0.007587311945045715,0.0025298310335670586,0.018019512642529333,0.006124648321134734
7,0.4788766860961914,0.060228395462036136,0.5657588204560703,0.599214684654958,0.01,3,0.3,polynomial,"{'alpha': 0.01, 'gamma': 0.3, 'degree': 3, 'kernel': 'polynomial'}",69,0.5888082251375967,0.5956913460619879,0.5723948276718714,0.5903094583679638,0.5285683547892833,0.6096849073601277,0.5656973224948969,0.6014827398921325,0.5733253721867035,0.5989049715925775,0.01232069978437399,0.0017868277342453316,0.020078340925210793,0.006427791693871547
8,0.4922983646392822,0.06199517250061035,0.5521823682658697,0.6049225780808773,0.01,3,0.5,polynomial,"{'alpha': 0.01, 'gamma': 0.5, 'degree': 3, 'kernel': 'polynomial'}",130,0.5916968620482258,0.6014029028336888,0.5072960926883612,0.5966949487589834,0.528651826456795,0.614434796515658,0.5645321533619325,0.6070158778240383,0.5687349067740342,0.6050643644720184,0.03342992514079856,0.0043111718983000836,0.030187292276412318,0.00591551020370301
9,0.4735883235931396,0.059946870803833006,0.5336132350343007,0.6083604347635033,0.01,3,0.7,polynomial,"{'alpha': 0.01, 'gamma': 0.7, 'degree': 3, 'kernel': 'polynomial'}",155,0.5892575183521329,0.6054578699734401,0.4259918530525826,0.6003108813565096,0.5283757106043598,0.617230138991549,0.5606905519643348,0.6104527830157425,0.5637505411980932,0.6083505004802752,0.004007290058997832,0.0012530871044215785,0.057179573455393956,0.005590525295608675
10,0.47606520652770995,0.06102180480957031,0.5198872914447997,0.610972079220382,0.01,3,0.9,polynomial,"{'alpha': 0.01, 'gamma': 0.9, 'degree': 3, 'kernel': 'polynomial'}",161,0.5849929682007297,0.6087060464444478,0.3727606232923484,0.6028869662970613,0.5256100175912257,0.6196297751380407,0.5559895319278791,0.6130015305673906,0.560083316211816,0.6106360776549694,0.008417811963334017,0.0023344998149496597,0.0759431990332312,0.005471585217264465
11,0.4745049953460693,0.057749176025390626,0.5160230745515008,0.6121308373033828,0.01,3,1,polynomial,"{'alpha': 0.01, 'gamma': 1, 'degree': 3, 'kernel': 'polynomial'}",164,0.5827105428180008,0.6101393582386838,0.36222699040427675,0.6040133788240818,0.5228836893916006,0.6207840225625632,0.553708518805762,0.6140893431233518,0.5585856313378632,0.6116280837682333,0.0034475336378209567,0.0024138993757915816,0.07922030788583571,0.005455735373383944
12,0.4734842300415039,0.05954375267028809,0.5664530105329076,0.5922754015937144,0.01,4,0.1,polynomial,"{'alpha': 0.01, 'gamma': 0.1, 'degree': 4, 'kernel': 'polynomial'}",59,0.5795681593973836,0.5900402750492363,0.5871229849627067,0.5831674460476678,0.5302563477871577,0.6017322048546658,0.5628471757318317,0.5950650984166839,0.572470384785458,0.5913719836003178,0.003563920687667207,0.0025102376637824784,0.01979224193517944,0.006098858011952927
13,0.4720438003540039,0.05962657928466797,0.5596291410661643,0.6093505967639204,0.01,4,0.3,polynomial,"{'alpha': 0.01, 'gamma': 0.3, 'degree': 4, 'kernel': 'polynomial'}",107,0.5865872452278446,0.6069606514518786,0.544307487588868,0.6011962552895671,0.5368181388011007,0.6179091795272731,0.5617122779536763,0.6121978861093693,0.5687205557593322,0.608489011441514,0.0033967084725529907,0.0014077906505859741,0.017713427392926216,0.005555247038189383
14,0.4837374210357666,0.05799741744995117,0.5414416116525851,0.617620095043131,0.01,4,0.5,polynomial,"{'alpha': 0.01, 'gamma': 0.5, 'degree': 4, 'kernel': 'polynomial'}",148,0.5729076055111555,0.6163506293618968,0.5092884351037305,0.6086778045501195,0.5152695529149942,0.6265547772126996,0.5503193677635382,0.6206442272979564,0.5594230969695071,0.6158730367929828,0.01482556996807311,0.0015247882685486254,0.024944179914447216,0.005892405896958012
15,0.47101330757141113,0.05883898735046387,0.529336291252233,0.6246186537559522,0.01,4,0.7,polynomial,"{'alpha': 0.01, 'gamma': 0.7, 'degree': 4, 'kernel': 'polynomial'}",159,0.5591292214682672,0.6234356645072278,0.5308466425802199,0.6156657867101574,0.4598718327140604,0.6340090856046288,0.5430223888734512,0.6277053669262003,0.5538113706251667,0.6222773650315463,0.0021942516865889787,0.0024260570523148253,0.0360598103999504,0.006078534910541008
16,0.4752739429473877,0.05828127861022949,0.5166468274312291,0.6301799573539608,0.01,4,0.9,polynomial,"{'alpha': 0.01, 'gamma': 0.9, 'degree': 4, 'kernel': 'polynomial'}",163,0.5483148165076961,0.6285637443281678,0.5722777149278875,0.6214026311310009,0.3823418952809736,0.6397510597030717,0.5376801531190106,0.6334326373175332,0.5426195573205779,0.6277497142900303,0.0072877857750540485,0.0013588855321528285,0.0681945092556449,0.006127733816695456
17,0.47279939651489256,0.059243202209472656,0.5094174808587024,0.6325363079556099,0.01,4,1,polynomial,"{'alpha': 0.01, 'gamma': 1, 'degree': 4, 'kernel': 'polynomial'}",166,0.5438230765051192,0.6306809897112953,0.5867169314207994,0.6237958075175409,0.34780335157497944,0.6421406564697538,0.5348636851583608,0.6358575169680865,0.5338803596342534,0.630206569111373,0.00494122118679397,0.002200134900089591,0.08309514860010779,0.006140686874668192
18,0.4758299827575684,0.0605830192565918,0.5698588382248813,0.5991940459773092,0.01,5,0.1,polynomial,"{'alpha': 0.01, 'gamma': 0.1, 'degree': 5, 'kernel': 'polynomial'}",29,0.5850042311731071,0.5966641623999991,0.5879528246243831,0.5908898613661857,0.5352310997250915,0.6079278604701142,0.5646505975462209,0.6023826227021871,0.5764554380556034,0.5981057229480602,0.008512283377967328,0.0034700817757298895,0.01911280432215473,0.005709479435316682
19,0.477570629119873,0.05739760398864746,0.5452281546585713,0.6175458769102521,0.01,5,0.3,polynomial,"{'alpha': 0.01, 'gamma': 0.3, 'degree': 5, 'kernel': 'polynomial'}",141,0.5668460136895337,0.6158263563158735,0.5458866265037501,0.6083959807240412,0.5103280685975324,0.6267326815348999,0.551727365208156,0.6209840402170038,0.551352699293884,0.6157903257594419,0.006275519374374668,0.003930113885966354,0.01879112134003261,0.0060988139383225
20,0.47321171760559083,0.059287405014038085,0.5118023337986835,0.6306463332187271,0.01,5,0.5,polynomial,"{'alpha': 0.01, 'gamma': 0.5, 'degree': 5, 'kernel': 'polynomial'}",165,0.5294818822590104,0.6282605828961509,0.5627721762966049,0.622079332926213,0.39532295908871085,0.6401848662032774,0.5362885072353882,0.6344668537322056,0.5351461441137026,0.628240030335788,0.0043549723224334345,0.0027315464657799303,0.05936740213357186,0.006171800072415087
21,0.4769239902496338,0.0616340160369873,0.46879490173756955,0.6407205232266449,0.01,5,0.7,polynomial,"{'alpha': 0.01, 'gamma': 0.7, 'degree': 5, 'kernel': 'polynomial'}",175,0.5008990306861398,0.6373735604812063,0.5748705942916662,0.6325135899526795,0.2846298745962178,0.6504820333354201,0.5185148331720432,0.6442397955517963,0.4650601759417804,0.6389936368121222,0.008069735139258733,0.002209067564801607,0.09867674966978895,0.006151591783817176
22,0.47537479400634763,0.06046905517578125,0.44446994568724285,0.6498560016650567,0.01,5,0.9,polynomial,"{'alpha': 0.01, 'gamma': 0.9, 'degree': 5, 'kernel': 'polynomial'}",179,0.4818865621827968,0.6452805827089934,0.5458825138983885,0.641940691841469,0.33133273638607463,0.6598956261688835,0.5036566498540682,0.652883301207295,0.3595912661148861,0.649279806398643,0.005312823316717848,0.003891252272276897,0.08389516852082733,0.006226992723750401
23,0.47324504852294924,0.059826993942260744,0.4367360801201938,0.6541615329729834,0.01,5,1,polynomial,"{'alpha': 0.01, 'gamma': 1, 'degree': 5, 'kernel': 'polynomial'}",180,0.4744729353219471,0.6490016027543072,0.5471246473702547,0.6464621683222307,0.3659720105678971,0.664249799973726,0.49330610846891376,0.6569551483539197,0.30280469887195616,0.6541389454607334,0.002344434951694841,0.0007532415730748447,0.08916842776462683,0.006252727789652356
24,0.3155364513397217,0.012454605102539063,0.5570020876746264,0.568543650994899,0.03,2,0.1,polynomial,"{'alpha': 0.03, 'gamma': 0.1, 'degree': 2, 'kernel': 'polynomial'}",117,0.5657143143725121,0.5677247528619027,0.5863522394429652,0.559977793134335,0.527061372846156,0.5766976929012834,0.5476781610034159,0.571223014052876,0.558204350708083,0.5670950020240979,0.00809043424082118,0.00028655896298338207,0.019606946484709908,0.00547376442108605
25,0.3121019840240479,0.012148380279541016,0.5658899113499147,0.5812221467583379,0.03,2,0.3,polynomial,"{'alpha': 0.03, 'gamma': 0.3, 'degree': 2, 'kernel': 'polynomial'}",63,0.573951151636005,0.5796794238094471,0.5905730915123997,0.5726090885336443,0.5333250812117629,0.5909284367717297,0.5593282334409828,0.5833030557106912,0.5722719989484233,0.579590728966177,0.002217872326493965,0.00026790937770524814,0.019070908729822273,0.005962692981927339
26,0.3152143955230713,0.012289476394653321,0.5689154137149168,0.5860659033181921,0.03,2,0.5,polynomial,"{'alpha': 0.03, 'gamma': 0.5, 'degree': 2, 'kernel': 'polynomial'}",44,0.5794733450885717,0.5838896300103089,0.591105878758859,0.5773621288636953,0.5335419728977091,0.5968487713442502,0.5643179752081513,0.5875090092188744,0.5761378966212928,0.5847199771538317,0.005384376711161639,0.0002933178190535915,0.01963908179708057,0.006334921783467185
27,0.314029598236084,0.012464761734008789,0.569750085460655,0.5886254720672243,0.03,2,0.7,polynomial,"{'alpha': 0.03, 'gamma': 0.7, 'degree': 2, 'kernel': 'polynomial'}",31,0.5827024502779137,0.5861392924899694,0.5885829053531355,0.5798644295566877,0.5330755870679551,0.5999251425347112,0.5672215524437376,0.589656829264067,0.577167932160533,0.587541666490686,0.0031661454326958067,0.0004360220459345285,0.019641158930667247,0.006524689105709155
28,0.32259159088134765,0.012316608428955078,0.5694111393241726,0.5901974760961709,0.03,2,0.9,polynomial,"{'alpha': 0.03, 'gamma': 0.9, 'degree': 2, 'kernel': 'polynomial'}",37,0.5846409184127165,0.5875225007239127,0.5835628218949905,0.5813994795368919,0.5326358707327726,0.601755755576026,0.5690943036538012,0.5909619631164467,0.5771217819265819,0.5893476815275772,0.01178921162153014,0.0004878408291630119,0.019205161102291014,0.00662511362086259
29,0.3209364414215088,0.01250452995300293,0.5689016188243934,0.5907810761205476,0.03,2,1,polynomial,"{'alpha': 0.03, 'gamma': 1, 'degree': 2, 'kernel': 'polynomial'}",45,0.58532703379585,0.5880286191031425,0.5800261400436628,0.5819695003900277,0.532451742338877,0.6024214909105685,0.5697962261766535,0.591448341759601,0.5769069517669237,0.590037428439399,0.008089400018113207,0.0003196360937044536,0.01890517602661983,0.00665909000206224
30,0.4824518203735352,0.05910754203796387,0.5604011961019547,0.5770033219268267,0.03,3,0.1,polynomial,"{'alpha': 0.03, 'gamma': 0.1, 'degree': 3, 'kernel': 'polynomial'}",101,0.568135132846911,0.5759375013677299,0.5842946129692408,0.5683119667180819,0.5298267716249503,0.585644688444811,0.5543017117877245,0.5793584406825879,0.5654477512809469,0.5757640124209225,0.012358820024937295,0.0011021559343716216,0.01804536509657312,0.005629055276546341
31,0.472568941116333,0.059601783752441406,0.5666085984274617,0.5931860245676178,0.03,3,0.3,polynomial,"{'alpha': 0.03, 'gamma': 0.3, 'degree': 3, 'kernel': 'polynomial'}",58,0.582708383910665,0.5902537126459566,0.5854732580707638,0.5838597582324208,0.5290007382559145,0.6036731204902857,0.5639412412781615,0.5955715661016386,0.5719193706218038,0.5925719653677873,0.003842137851525226,0.0014179774650538335,0.020321164918417244,0.0065057629062795965
32,0.4718324184417725,0.061910057067871095,0.5640846951825287,0.600060050013074,0.03,3,0.5,polynomial,"{'alpha': 0.03, 'gamma': 0.5, 'degree': 3, 'kernel': 'polynomial'}",80,0.589611408743101,0.5964061941272265,0.5650424192718424,0.5913080437761512,0.5281684965440543,0.6103758050314922,0.565471439799591,0.6023437900789193,0.5721297115540547,0.5998664170515812,0.001851025986602406,0.002729876641471792,0.020045692875648783,0.006350055748067453
33,0.4743013858795166,0.060037422180175784,0.5554467820573998,0.6040294606510163,0.03,3,0.7,polynomial,"{'alpha': 0.03, 'gamma': 0.7, 'degree': 3, 'kernel': 'polynomial'}",124,0.5917122962008403,0.6004043685926137,0.5232031682551856,0.5957058670004265,0.5283451390483291,0.6136953433802981,0.5646001422636193,0.6062016105871962,0.5693731645190246,0.6041401136945467,0.0023027599454560174,0.0026660884137907686,0.025950203592410532,0.006009713338746688
34,0.47629284858703613,0.059196186065673825,0.5438790778246623,0.6067642785412125,0.03,3,0.9,polynomial,"{'alpha': 0.03, 'gamma': 0.9, 'degree': 3, 'kernel': 'polynomial'}",144,0.5909360641532512,0.6035158099315876,0.4716853020173236,0.5986353972259981,0.5284552720591574,0.6158984121142004,0.5623568412894226,0.6089043700438705,0.5659619096041567,0.6068674033904059,0.007038776165196783,0.0036574124425006,0.04121474060091215,0.005738541317234099
35,0.4745023727416992,0.05841660499572754,0.5381080537923484,0.6078756863535594,0.03,3,1,polynomial,"{'alpha': 0.03, 'gamma': 1, 'degree': 3, 'kernel': 'polynomial'}",151,0.5899093713801726,0.6048551430361193,0.44710511062720304,0.5997839575808762,0.5282133841399397,0.6168278240475417,0.5609212100696004,0.6100070302333035,0.5643911927448265,0.6079044768699566,0.0032906674882397144,0.0013035275598849592,0.04954605967906872,0.0056441825162334355
36,0.47299561500549314,0.059737205505371094,0.5627359361581202,0.5839474639760014,0.03,4,0.1,polynomial,"{'alpha': 0.03, 'gamma': 0.1, 'degree': 4, 'kernel': 'polynomial'}",87,0.5725071913001126,0.5823038430662305,0.5856524878364151,0.57479305327003,0.5289524511615471,0.5929754667311431,0.5585417264363501,0.5863914504707697,0.568025824056176,0.5832735063418341,0.003304616499423768,0.0013517769460334344,0.019013384420201163,0.0059065531013400225
37,0.4721005916595459,0.058853530883789064,0.5683222201847637,0.604374500894008,0.03,4,0.3,polynomial,"{'alpha': 0.03, 'gamma': 0.3, 'degree': 4, 'kernel': 'polynomial'}",50,0.5886086021703562,0.601606381564606,0.5751851396963159,0.5964079667051576,0.5380267609204187,0.6130506942611782,0.5648330868151197,0.6072865436755028,0.5749575113216085,0.6035209182635952,0.0031885694046529865,0.0016536765554974841,0.01692721448122436,0.005578764727368556
38,0.47206339836120603,0.06168174743652344,0.5550376527346479,0.611782562763476,0.03,4,0.5,polynomial,"{'alpha': 0.03, 'gamma': 0.5, 'degree': 4, 'kernel': 'polynomial'}",125,0.5827546702425634,0.6098019214412678,0.5389714136231594,0.6032755831823335,0.532077220455245,0.6204355014361322,0.5576366585843704,0.6147373738868489,0.5637483007679012,0.6106624338707973,0.003436913652613336,0.002140562781975643,0.01808960347683044,0.005677157507502945
39,0.4755725383758545,0.05931754112243652,0.5435548740650182,0.6177721357584977,0.03,4,0.7,polynomial,"{'alpha': 0.03, 'gamma': 0.7, 'degree': 4, 'kernel': 'polynomial'}",145,0.5716409511040839,0.6165311290912368,0.5284215502182746,0.6087574013204937,0.5111226020670092,0.6268266938019966,0.5490735790444015,0.6207518493061704,0.5575156878913219,0.6159936052725905,0.0053729180416584406,0.003342341314787961,0.021424555577139834,0.005946972665390316
40,0.4734142303466797,0.05814018249511719,0.5343544303221096,0.6230847295328812,0.03,4,0.9,polynomial,"{'alpha': 0.03, 'gamma': 0.9, 'degree': 4, 'kernel': 'polynomial'}",154,0.5606910126333948,0.6219569785640722,0.5452136038003441,0.6140560144687066,0.46964171769260044,0.6325071946286498,0.5433193255274651,0.6260528139429453,0.5529064919567437,0.6208506460600319,0.0022185946785322117,0.0030395318293375607,0.03293575786065108,0.006088891860882475
41,0.47829928398132326,0.05994296073913574,0.529489447100332,0.6254446569339948,0.03,4,1,polynomial,"{'alpha': 0.03, 'gamma': 1, 'degree': 4, 'kernel': 'polynomial'}",158,0.5558893383541865,0.6242084959070138,0.5589149514958822,0.6164952370478851,0.44153705745526894,0.634985523219614,0.5412039588916135,0.6284479741748197,0.5499019293047083,0.6230860543206411,0.0072275215636325805,0.0010220972285343432,0.04438994622136174,0.006119334287311684
42,0.47350296974182127,0.06050519943237305,0.565808477213056,0.5913266103336612,0.03,5,0.1,polynomial,"{'alpha': 0.03, 'gamma': 0.1, 'degree': 5, 'kernel': 'polynomial'}",67,0.5780220214338334,0.5893426675120536,0.5883154646028602,0.5825148301806036,0.5302991376056561,0.5999441347014776,0.5617235175076457,0.5944193248038816,0.5706822449152852,0.5904120944702902,0.0036850243145650566,0.0019280589840315757,0.01978428088438633,0.005766219677983236
43,0.47224717140197753,0.059714651107788085,0.5559030614416922,0.6113102622021769,0.03,5,0.3,polynomial,"{'alpha': 0.03, 'gamma': 0.3, 'degree': 5, 'kernel': 'polynomial'}",122,0.5788580117296684,0.6091600212600077,0.5633118062041338,0.6024495058670642,0.5263688929460186,0.6202715473288296,0.5575947022297436,0.6145476576720255,0.5533818940988968,0.610122578882957,0.003368120297051588,0.0014090578253441717,0.01710733342011829,0.005921697242442171
44,0.4762088775634766,0.06144981384277344,0.5355595355053362,0.6229338061801792,0.03,5,0.5,polynomial,"{'alpha': 0.03, 'gamma': 0.5, 'degree': 5, 'kernel': 'polynomial'}",153,0.5487091553152911,0.621065688470351,0.5635562148865738,0.6138795212437349,0.4741336442880826,0.6325063137642963,0.545077024621548,0.6265045158398854,0.5463216384151852,0.6207129915826285,0.006932212561072527,0.0029079043165073882,0.03142060511026304,0.006241551504020285
45,0.47084460258483884,0.059743642807006836,0.5026265015842923,0.6324711048570448,0.03,5,0.7,polynomial,"{'alpha': 0.03, 'gamma': 0.7, 'degree': 5, 'kernel': 'polynomial'}",168,0.5196804143666369,0.6298863249141129,0.582329652293627,0.6240110058760402,0.3559120353614166,0.6421255303916694,0.5326049985442356,0.6361814871887459,0.5226054073555457,0.630151175914656,0.002926638212764799,0.0029703539786728795,0.07676774026769322,0.006174322665208277
46,0.47272529602050783,0.058491182327270505,0.464709089862786,0.6404434123238347,0.03,5,0.9,polynomial,"{'alpha': 0.03, 'gamma': 0.9, 'degree': 5, 'kernel': 'polynomial'}",176,0.4982132310966695,0.637098735069352,0.5730293249315346,0.6322754718651495,0.2726152147344618,0.6501815545111693,0.5188115611840608,0.6439097941115061,0.4608761173672029,0.6387515060619963,0.002307002691342038,0.00270430621819935,0.10266219045803222,0.0061255510777525
47,0.47635498046875,0.060536956787109374,0.4518735863237161,0.6441928359448689,0.03,5,1,polynomial,"{'alpha': 0.03, 'gamma': 1, 'degree': 5, 'kernel': 'polynomial'}",178,0.4902939426011812,0.6403813003559737,0.5573906838481567,0.6361350270071954,0.27888038536009196,0.6540119476287234,0.5128816483952825,0.647482829978018,0.41992127141386815,0.6429530747544343,0.009605560368984902,0.0022392599736660935,0.09724151715387487,0.006135668035820351
48,0.3144688129425049,0.012172412872314454,0.5541704943674561,0.5642082427074409,0.05,2,0.1,polynomial,"{'alpha': 0.05, 'gamma': 0.1, 'degree': 2, 'kernel': 'polynomial'}",126,0.5638187709023517,0.5631078702586994,0.5873527312292606,0.5555573788373054,0.5234549767844832,0.5723277460589106,0.5431587325360551,0.5668849532287958,0.5530672603851299,0.5631632651534927,0.00658699342296643,0.0003472576679892154,0.02126061677133517,0.005481447932863735
49,0.31725378036499025,0.012200403213500976,0.5641165436451615,0.5782856166770524,0.05,2,0.3,polynomial,"{'alpha': 0.05, 'gamma': 0.3, 'degree': 2, 'kernel': 'polynomial'}",79,0.571851104251603,0.5770173262776395,0.5909451374213902,0.5697048377818006,0.5322281098358822,0.5874864160241299,0.5565431163966568,0.5806113237905197,0.5690152503202752,0.5766081795111724,0.005143269583009503,0.00030086555815873195,0.019379490240822125,0.005798547139322596
50,0.3269643783569336,0.012894392013549805,0.5677519074573458,0.5836234400031793,0.05,2,0.5,polynomial,"{'alpha': 0.05, 'gamma': 0.5, 'degree': 2, 'kernel': 'polynomial'}",53,0.5770172237504905,0.5817267530371939,0.5924428608350416,0.5749714046538612,0.5333512778988485,0.5939002069024527,0.5617802397619986,0.5853785965248148,0.5741679350403501,0.582140238897574,0.008433095543560915,0.0005411100715118033,0.019777354745981794,0.006153820520130543
51,0.3216926097869873,0.012060451507568359,0.5693624539753322,0.5866344947036813,0.05,2,0.7,polynomial,"{'alpha': 0.05, 'gamma': 0.7, 'degree': 2, 'kernel': 'polynomial'}",39,0.5805504838620869,0.5843653585036085,0.5916806035720523,0.5779302726653173,0.533300066824083,0.5975511146971859,0.5650269726728605,0.5879574576544503,0.5762541429455783,0.5853682699978446,0.0069693803695474585,0.000240494719902747,0.01995023486679677,0.006378692788416545
52,0.32229957580566404,0.012204599380493165,0.5698599719221477,0.5885232846244352,0.05,2,0.9,polynomial,"{'alpha': 0.05, 'gamma': 0.9, 'degree': 2, 'kernel': 'polynomial'}",28,0.5828607436702029,0.586036559606446,0.5892644114587989,0.5797814268304291,0.5330109015774274,0.5998010125671791,0.5671964362437669,0.5895417243024474,0.5769673666605419,0.5874556998156744,0.007866157647434882,0.0002444377409990949,0.019804119810403555,0.006511036526666273
53,0.3187583923339844,0.012700176239013672,0.5698343595638355,0.5892259259917344,0.05,2,1,polynomial,"{'alpha': 0.05, 'gamma': 1, 'degree': 2, 'kernel': 'polynomial'}",30,0.5837104565719236,0.5866595308272453,0.5875153932751049,0.5804689373418844,0.5328631183005791,0.6006230096560073,0.5680289483421891,0.5901271160281159,0.5770538813293808,0.5882510361054192,0.0023063253453709485,0.0002206129562532667,0.019633739868019338,0.006556329829660255
54,0.4756204128265381,0.0588076114654541,0.558821432638184,0.5734538267793601,0.05,3,0.1,polynomial,"{'alpha': 0.05, 'gamma': 0.1, 'degree': 3, 'kernel': 'polynomial'}",109,0.566613563754111,0.572577226099477,0.5856852379240944,0.5649842137890659,0.5282790957138765,0.5817431912920026,0.5514612430230111,0.5757949556343174,0.5620680227758266,0.5721695470819371,0.005301739898738533,0.0016632852596531994,0.01886758291492664,0.0054469550326308735
55,0.4755242824554443,0.05861120223999024,0.5657634057923303,0.5898634709988776,0.05,3,0.3,polynomial,"{'alpha': 0.05, 'gamma': 0.3, 'degree': 3, 'kernel': 'polynomial'}",68,0.5794859490706298,0.5872717777427467,0.5873851977090989,0.580462868841839,0.5290321484338811,0.600120060714246,0.5624982019718656,0.5921715639082457,0.5704155317761763,0.5892910837873101,0.004513978797194505,0.0024432066308473573,0.020185634391855122,0.006417799427162472
56,0.4787344455718994,0.05572342872619629,0.565818580963241,0.5973920694537476,0.05,3,0.5,polynomial,"{'alpha': 0.05, 'gamma': 0.5, 'degree': 3, 'kernel': 'polynomial'}",66,0.5872062480502243,0.5939219987005013,0.5766083747248303,0.5883939482053722,0.5282138710396759,0.6078809989525403,0.565117080364591,0.5997550707949528,0.5719473306368839,0.5970083306153708,0.00807020237847423,0.0014656722220693515,0.020129678770058997,0.006461520717265579
57,0.4940915107727051,0.060539770126342776,0.5610377377727127,0.6017271196769876,0.05,3,0.7,polynomial,"{'alpha': 0.05, 'gamma': 0.7, 'degree': 3, 'kernel': 'polynomial'}",97,0.5908378881534849,0.5979978488992628,0.5501485120668647,0.593177554799253,0.528068391604432,0.6117832348447247,0.5652190436972506,0.6039792234802878,0.5709148533415314,0.6016977363614093,0.01222397491219447,0.0008250299347005557,0.02101733911392136,0.006216121094686799
58,0.4729013919830322,0.05998382568359375,0.5529058171919712,0.6046821556050688,0.05,3,0.9,polynomial,"{'alpha': 0.05, 'gamma': 0.9, 'degree': 3, 'kernel': 'polynomial'}",128,0.591739276489884,0.6011117856116448,0.5120226525980188,0.5964112116157159,0.5283174227534049,0.6142065105416861,0.564028355130272,0.6068673362832133,0.5684213789882759,0.6048139339730839,0.00701058804571731,0.002190567591723346,0.028804525190911454,0.005944102513551303
59,0.4753697395324707,0.059035634994506835,0.5481962973287022,0.6058566739166359,0.05,3,1,polynomial,"{'alpha': 0.05, 'gamma': 1, 'degree': 3, 'kernel': 'polynomial'}",135,0.5914670109061224,0.6024454339777282,0.4910105552344528,0.5976679482223363,0.5283781662606504,0.6151554623589005,0.5630948180185188,0.6080253582178475,0.5670309362237665,0.605989166806367,0.004312736073450174,0.0028702216472109,0.03496292783063796,0.005828893529228801
60,0.4748395919799805,0.06000065803527832,0.5610971038148183,0.5799145298558088,0.05,4,0.1,polynomial,"{'alpha': 0.05, 'gamma': 0.1, 'degree': 4, 'kernel': 'polynomial'}",96,0.569777507293239,0.5785572404053303,0.5859350236687815,0.5709203313916242,0.5281150947173527,0.5886166609322789,0.5560111371319905,0.582230656974013,0.5656467562627276,0.5792477595757973,0.006672735965117608,0.0025464935138685614,0.019113612875754173,0.0057319098627172235
61,0.47524399757385255,0.06019124984741211,0.569479390444181,0.6017047089460359,0.05,4,0.3,polynomial,"{'alpha': 0.05, 'gamma': 0.3, 'degree': 4, 'kernel': 'polynomial'}",36,0.5875840518089288,0.5989546821248501,0.5825064669606339,0.5936603339832915,0.5367101439106028,0.6104293795324149,0.5651261160635958,0.6047067329322566,0.5754701734771444,0.6007724161573663,0.004693307583089177,0.0023464390880384768,0.01803412034592672,0.005626292042845746
62,0.4753664493560791,0.060108375549316403,0.5603858151359399,0.6093312932609479,0.05,4,0.5,polynomial,"{'alpha': 0.05, 'gamma': 0.5, 'degree': 4, 'kernel': 'polynomial'}",102,0.5857908479892602,0.6070004159634852,0.5530267507294401,0.6010661589600683,0.5355511724708433,0.6179305646285367,0.5604742115679786,0.612254898268327,0.567086092922177,0.6084044284843224,0.006960440568087434,0.0021034824924377887,0.016499894156401566,0.005605344710080848
63,0.47417826652526857,0.06045575141906738,0.5492704308441374,0.6148785218478672,0.05,4,0.7,polynomial,"{'alpha': 0.05, 'gamma': 0.7, 'degree': 4, 'kernel': 'polynomial'}",134,0.5770053476573676,0.6133563912670903,0.5349258679121278,0.6060200724012073,0.5225679102985197,0.623754725638858,0.5525948202623263,0.6178573423068445,0.5592582080903457,0.6134040776253354,0.0071065318256012195,0.0014145199965742176,0.01896746666879875,0.005841632630272898
64,0.47419204711914065,0.06187214851379395,0.5406851864504162,0.6198553515453652,0.05,4,0.9,polynomial,"{'alpha': 0.05, 'gamma': 0.9, 'degree': 4, 'kernel': 'polynomial'}",150,0.5668297843253134,0.6187289303948846,0.5397658950511433,0.6107726193054567,0.49596404176843,0.6291157165818828,0.546065620139143,0.6227866522978827,0.5548005909680515,0.6178728391467194,0.005738067634878221,0.0026133186226747385,0.024135283664209382,0.006033938840793385
65,0.4785372257232666,0.05785393714904785,0.5366633870726507,0.6221444532231603,0.05,4,1,polynomial,"{'alpha': 0.05, 'gamma': 1, 'degree': 4, 'kernel': 'polynomial'}",152,0.5620117652685304,0.6210362222974859,0.5486735472695239,0.6130811611881996,0.47626902925094905,0.6315605200586893,0.5436975746161873,0.6250656969928146,0.5526650189580629,0.6199786655786126,0.00999114097910261,0.003700674038962307,0.030788941843478558,0.006087003437320754
66,0.47542576789855956,0.05934805870056152,0.5635931232638887,0.5869268360606688,0.05,5,0.1,polynomial,"{'alpha': 0.05, 'gamma': 0.1, 'degree': 5, 'kernel': 'polynomial'}",83,0.5745535983647219,0.5852042367751822,0.5878715382854062,0.577981171074916,0.5283671650631365,0.5954128780670618,0.5595733583211839,0.5897695969051655,0.5675999562849948,0.5862662974810189,0.004509917554849749,0.0018614024237245785,0.019913085158296255,0.0057187897269292695
67,0.47152080535888674,0.060966205596923825,0.560128823975888,0.6086235950230534,0.05,5,0.3,polynomial,"{'alpha': 0.05, 'gamma': 0.3, 'degree': 5, 'kernel': 'polynomial'}",103,0.5822733879118471,0.6062221564820891,0.5702299952265855,0.5999865040422195,0.5311559720514305,0.6174578162052227,0.5596707186972321,0.6118189835491182,0.5573140459923454,0.6076325148366177,0.0034758811251668327,0.0020556405391923688,0.016970411643382182,0.005824130138332601
68,0.48042874336242675,0.05905561447143555,0.5420381840932309,0.6194733242901163,0.05,5,0.5,polynomial,"{'alpha': 0.05, 'gamma': 0.5, 'degree': 5, 'kernel': 'polynomial'}",147,0.5574211402187226,0.6177182669652899,0.5651295867991546,0.6102653921637119,0.49413843973861504,0.6289891105839928,0.5479856667991421,0.622926862136403,0.5455160869105209,0.617466989601184,0.010084477589246351,0.0030520063962127166,0.02494675163570248,0.006234881419696326
69,0.47901344299316406,0.060871315002441403,0.5177119513104189,0.6287772425032204,0.05,5,0.7,polynomial,"{'alpha': 0.05, 'gamma': 0.7, 'degree': 5, 'kernel': 'polynomial'}",162,0.528978241755493,0.6264714025117903,0.5803999414300431,0.6201040794793329,0.40597123464833706,0.6384844282317816,0.5379221365281468,0.6324294516048364,0.5352882021900751,0.6263968506883608,0.010726648724427034,0.002253209070497081,0.05875385493277188,0.006225351495104006
70,0.47286739349365237,0.06061520576477051,0.4810171544012408,0.6364548915020641,0.05,5,0.9,polynomial,"{'alpha': 0.05, 'gamma': 0.9, 'degree': 5, 'kernel': 'polynomial'}",173,0.5065014109067273,0.6335114731414935,0.5842861924768038,0.6281775332727687,0.29464200635063065,0.6461496272159536,0.5255040942079412,0.6400395002068386,0.49415206806410106,0.6343963236732666,0.006031781518294341,0.000879796895929205,0.09818477594400482,0.006136014871815393
71,0.4796765804290771,0.0600125789642334,0.4643448784571638,0.6399724427422294,0.05,5,1,polynomial,"{'alpha': 0.05, 'gamma': 1, 'degree': 5, 'kernel': 'polynomial'}",177,0.49781739858939167,0.6366693530377847,0.573239943312289,0.631810950511787,0.2685180730258001,0.6496972929925534,0.5195198930192291,0.6434298548240207,0.4626290843391091,0.6382547623450012,0.010079665140844504,0.002249015900369396,0.10428222155347207,0.0061155080519077875
72,0.3188312530517578,0.012308979034423828,0.5520084337152892,0.5609827273194994,0.07,2,0.1,polynomial,"{'alpha': 0.07, 'gamma': 0.1, 'degree': 2, 'kernel': 'polynomial'}",131,0.5620146424276731,0.5596065059655935,0.5882527577479183,0.5522410893709846,0.5206676211986785,0.5691142618691736,0.5395983125309725,0.563675522501764,0.549508834671204,0.5602762568899814,0.00805004016036392,0.0004070283378969076,0.022610974635207406,0.005516925225736097
73,0.3165870189666748,0.0123687744140625,0.5628194324805964,0.5761701888547588,0.07,2,0.3,polynomial,"{'alpha': 0.07, 'gamma': 0.3, 'degree': 2, 'kernel': 'polynomial'}",86,0.5706740946383229,0.5750280744148011,0.5912518146931207,0.5675996695832988,0.5311614174667929,0.5851000035114532,0.5545486012157106,0.578615562911933,0.566461234389035,0.5745076338523079,0.0020952483517642133,0.00038850728773329933,0.019768638604910637,0.005713908630613841
74,0.324947452545166,0.012519168853759765,0.566742096442615,0.5818086531871036,0.07,2,0.5,polynomial,"{'alpha': 0.07, 'gamma': 0.5, 'degree': 2, 'kernel': 'polynomial'}",57,0.575440354464243,0.5801029842495897,0.5930009203808814,0.5731818915685218,0.5329256426220578,0.5917366414936092,0.559962433256126,0.5837618241829431,0.5723811314897664,0.5802599244408544,0.008401443655967709,0.0003020484470355055,0.019932388845368246,0.006035042866969439
75,0.31856298446655273,0.012301969528198241,0.5687633882877836,0.5851041933476222,0.07,2,0.7,polynomial,"{'alpha': 0.07, 'gamma': 0.7, 'degree': 2, 'kernel': 'polynomial'}",46,0.5790071318310166,0.5829990406263694,0.5930233690200348,0.5764331847142874,0.5332375994960259,0.5957188818547041,0.5633968141617602,0.5866307674090903,0.5751520269300803,0.5837390921336599,0.0028058328907885964,0.00023119829110225965,0.020125493473389693,0.0062687096039145095
76,0.32338519096374513,0.012128353118896484,0.5696853506504451,0.5872244875813237,0.07,2,0.9,polynomial,"{'alpha': 0.07, 'gamma': 0.9, 'degree': 2, 'kernel': 'polynomial'}",33,0.5815037480609643,0.5848724055278076,0.5916365499573497,0.5785187585865079,0.5331275203086743,0.5982640902417167,0.5657555477070959,0.5884310924930186,0.5764033872181412,0.5860360910575679,0.008228745263152693,0.00022521786774602236,0.02009268520711243,0.006419704291127517
77,0.31889052391052247,0.012355422973632813,0.5698778250653274,0.5880186721459328,0.07,2,1,polynomial,"{'alpha': 0.07, 'gamma': 1, 'degree': 2, 'kernel': 'polynomial'}",27,0.5824531587856128,0.5855781995380347,0.5905291297934587,0.5792984826718957,0.5330278380046636,0.5992055555876005,0.5666722765128522,0.5890977647542861,0.576706722230049,0.5869133581778476,0.0026602612808084803,0.0003982427817328715,0.019997231456031085,0.006473486417316629
78,0.47936453819274905,0.06005387306213379,0.5575848738834838,0.570907132854569,0.07,3,0.1,polynomial,"{'alpha': 0.07, 'gamma': 0.1, 'degree': 3, 'kernel': 'polynomial'}",115,0.5656701058656564,0.570064075242612,0.5868717565550833,0.5625459034998215,0.5268207735461463,0.5790479579938855,0.5491348737836197,0.5732258482374271,0.5594268596669127,0.5696518792990986,0.009599658394541157,0.0031226633723206213,0.019719623504039857,0.005363693483485463
79,0.47836875915527344,0.05903439521789551,0.5650046583202784,0.5875056470323411,0.07,3,0.3,polynomial,"{'alpha': 0.07, 'gamma': 0.3, 'degree': 3, 'kernel': 'polynomial'}",73,0.5773637410447167,0.5851415202971835,0.5881886148344204,0.5781086870297731,0.5289025117599973,0.5975533126898891,0.5612830842631782,0.5897342180813208,0.5692853396990796,0.5869904970635388,0.008490210939021556,0.0016839748694319715,0.020128497699671743,0.0063258113485358675
80,0.47724485397338867,0.05859847068786621,0.5661810003885718,0.5954475293007147,0.07,3,0.5,polynomial,"{'alpha': 0.07, 'gamma': 0.5, 'degree': 3, 'kernel': 'polynomial'}",60,0.5853250258112219,0.5921588153190696,0.5813933425535069,0.5863084502962685,0.5282582464779575,0.605947590522028,0.5646526917418583,0.5978269377935969,0.5712756953583142,0.5949958525726107,0.007897841227200688,0.0018815771878354728,0.020319133701245672,0.00648776212567344
81,0.4781083583831787,0.059629201889038086,0.5633211547587251,0.6000686470810979,0.07,3,0.7,polynomial,"{'alpha': 0.07, 'gamma': 0.7, 'degree': 3, 'kernel': 'polynomial'}",85,0.5896796632664743,0.5963671507988275,0.5623535484067823,0.5913583543650458,0.5279678952226922,0.6103287283378185,0.565310795899949,0.6023741247248309,0.5712938709977282,0.5999148771789663,0.008799685711260205,0.0019149296781051984,0.0200653087129305,0.006327375659308286
82,0.4731086254119873,0.059898996353149415,0.5573413647630037,0.6032017464428837,0.07,3,0.9,polynomial,"{'alpha': 0.07, 'gamma': 0.9, 'degree': 3, 'kernel': 'polynomial'}",116,0.5915310922891435,0.5995009933630364,0.5327063502606333,0.594803580497919,0.5281225172452344,0.6129935647895925,0.5647038104482351,0.6054300981358403,0.5696430535717716,0.6032804954280304,0.003926621797324689,0.001496814706037695,0.023812180127514918,0.006084015512838069
83,0.47260756492614747,0.06022300720214844,0.5535589250915642,0.6044407837984774,0.07,3,1,polynomial,"{'alpha': 0.07, 'gamma': 1, 'degree': 3, 'kernel': 'polynomial'}",127,0.5917442741189411,0.6008389040225937,0.5152299306454338,0.5961484725295003,0.5282388815739223,0.614003351527987,0.5640703120045549,0.6066440355424898,0.5685112271149688,0.6045691553698161,0.0023419943863425105,0.002498439746333722,0.0279370645915532,0.005967402503448297
84,0.4771845817565918,0.0611325740814209,0.5599925137095207,0.5772257330180315,0.07,4,0.1,polynomial,"{'alpha': 0.07, 'gamma': 0.1, 'degree': 4, 'kernel': 'polynomial'}",104,0.5682184255901117,0.5760327546925169,0.5865159772954914,0.5683701665947039,0.5273376263983229,0.5857163472009412,0.5541114539655678,0.5794813590107211,0.5637790852981095,0.5765280375912745,0.008836044499129142,0.0016006905973774408,0.019423832784896185,0.005612653751899507
85,0.47278537750244143,0.06211857795715332,0.5693829541994428,0.5996910600495717,0.07,4,0.3,polynomial,"{'alpha': 0.07, 'gamma': 0.3, 'degree': 4, 'kernel': 'polynomial'}",38,0.5862876657012686,0.5970109347611992,0.5856917569314438,0.591533065979289,0.5353374458889091,0.6084333924781484,0.5649143509494294,0.6027360577979943,0.5746835515261635,0.5987418492312273,0.003684039612120053,0.003449357413177797,0.018755840160653816,0.005662814275065831
86,0.4741960525512695,0.059028244018554686,0.5633440588376623,0.6077405730988215,0.07,4,0.5,polynomial,"{'alpha': 0.07, 'gamma': 0.5, 'degree': 4, 'kernel': 'polynomial'}",84,0.587125000619993,0.6052198010636481,0.5612467820390459,0.5996095432793546,0.5369587058827935,0.6163283055473499,0.5619736028848759,0.6106602691359624,0.569416202761603,0.6068849464677923,0.003721894286736712,0.0016362748798264706,0.01615467544662657,0.005576267713567953
87,0.4797191143035889,0.05809469223022461,0.5528686451248161,0.6130866856651181,0.07,4,0.7,polynomial,"{'alpha': 0.07, 'gamma': 0.7, 'degree': 4, 'kernel': 'polynomial'}",129,0.5800977095600224,0.6113295731488491,0.5408674752633942,0.6043825965705127,0.5275830505230041,0.6218602814999006,0.5549544764501673,0.6160585974605732,0.5608405138274924,0.6118023796457548,0.007595218647436889,0.0011312436181058903,0.01784776011356622,0.005767257526851179
88,0.47533512115478516,0.060844802856445314,0.5444053312232696,0.6178151912361292,0.07,4,0.9,polynomial,"{'alpha': 0.07, 'gamma': 0.9, 'degree': 4, 'kernel': 'polynomial'}",143,0.5708079446161456,0.6165895576977585,0.5390802972906847,0.6087629388033715,0.5080672665128885,0.6269497496665499,0.5481806114383292,0.6207510682073292,0.5558905362583002,0.6160226418056374,0.008999181860968155,0.0021469184891730513,0.020938345697077473,0.005978598773062061
89,0.4743364334106445,0.059992408752441405,0.5406932264744704,0.6200217651621547,0.07,4,1,polynomial,"{'alpha': 0.07, 'gamma': 1, 'degree': 4, 'kernel': 'polynomial'}",149,0.5661346032567416,0.6189023681143806,0.5446120893489551,0.6109287089713522,0.493243389818125,0.6293252243283818,0.5455484375421797,0.6229283958806284,0.5539276124063501,0.6180241285160305,0.0032615365736717934,0.003455729499819521,0.024951273246174455,0.006048638316196879
90,0.47510814666748047,0.06003050804138184,0.5621942799845403,0.583862141877271,0.07,5,0.1,polynomial,"{'alpha': 0.07, 'gamma': 0.1, 'degree': 5, 'kernel': 'polynomial'}",89,0.5723777545042881,0.5822961628502126,0.5878450588043973,0.5748945654791673,0.5272005484017102,0.5922413474479347,0.5578700317280754,0.5865122860047782,0.5656780064842307,0.5833663476042623,0.0036612575597075292,0.002096628645937184,0.02008513047385516,0.005663035910572418
91,0.4756333827972412,0.05892744064331055,0.5626976672431132,0.6068771098686409,0.07,5,0.3,polynomial,"{'alpha': 0.07, 'gamma': 0.3, 'degree': 5, 'kernel': 'polynomial'}",88,0.5837787410108408,0.6043424037996503,0.5744551361806437,0.5983875316851316,0.5337748680099326,0.6156118138476233,0.5607758167351535,0.6100685359576483,0.5607037742789955,0.6059752640531506,0.006098732920324858,0.0015286445260694935,0.01689288122865691,0.005758320111752396
92,0.47500195503234866,0.06039762496948242,0.545256872979691,0.6172877911083345,0.07,5,0.5,polynomial,"{'alpha': 0.07, 'gamma': 0.5, 'degree': 5, 'kernel': 'polynomial'}",140,0.5627879171290454,0.6155317060294705,0.5661335050156101,0.6080464214299495,0.50307155146352,0.6267320937041114,0.5498409955696921,0.6206826102179297,0.5444503957205873,0.6154461241602116,0.0034775186839338234,0.002037576113018886,0.02255853368923657,0.006206418190745172
93,0.47607054710388186,0.061579418182373044,0.5257877801817106,0.6263570188929497,0.07,5,0.7,polynomial,"{'alpha': 0.07, 'gamma': 0.7, 'degree': 5, 'kernel': 'polynomial'}",160,0.5352603920698815,0.6242262959272036,0.5788808201108724,0.6175206130791129,0.4346438808724471,0.636097745245161,0.5406933267825782,0.6299363311153021,0.5394604810727734,0.6240041090979691,0.0048822144811773195,0.002262542397457924,0.04821810804112446,0.006258617393971751
94,0.4740497589111328,0.06013579368591308,0.49292887431568533,0.6339165191476372,0.07,5,0.9,polynomial,"{'alpha': 0.07, 'gamma': 0.9, 'degree': 5, 'kernel': 'polynomial'}",170,0.5123288788918632,0.6311883291991012,0.5880516537200788,0.6255409176270366,0.32393882398522267,0.6436294395802682,0.5297657295076197,0.6375316246211666,0.510559285473642,0.6316922847106139,0.004208100530697353,0.0018424078916954012,0.08905068865303073,0.006163615026482173
95,0.47814121246337893,0.059697437286376956,0.47525393144705685,0.6373185060777304,0.07,5,1,polynomial,"{'alpha': 0.07, 'gamma': 1, 'degree': 5, 'kernel': 'polynomial'}",174,0.5031699406762639,0.63428570330988,0.5820126894929099,0.6290819136403878,0.2817580779223342,0.647025298601056,0.5239307093383814,0.6408518012989044,0.48539823980539476,0.6353478135384237,0.011012561217093333,0.0020732228166667715,0.10206832713431671,0.0061258301135912905
96,0.32517037391662595,0.012278604507446288,0.5502529546759847,0.558403787687853,0.09,2,0.1,polynomial,"{'alpha': 0.09, 'gamma': 0.1, 'degree': 2, 'kernel': 'polynomial'}",132,0.5603193970072582,0.5567960063811677,0.589024079564308,0.5495582680021254,0.5184174126319122,0.5665593913885947,0.5366579875141273,0.5611346790885385,0.5468458966623182,0.5579705935788392,0.01529625151147863,0.0003412604113348358,0.023725371651441823,0.005567539419576582
97,0.32479028701782225,0.012464141845703125,0.5617468815083575,0.5744562601105205,0.09,2,0.3,polynomial,"{'alpha': 0.09, 'gamma': 0.3, 'degree': 2, 'kernel': 'polynomial'}",92,0.5698482165815293,0.5733691378425858,0.5915135453606744,0.5658856966756223,0.5301530574189237,0.5832222551611859,0.5529086582560878,0.5769676670059714,0.5643109299245717,0.5728365438672376,0.010600149926699767,0.0007078868297838503,0.020171981370189534,0.005664092282945542
98,0.33630032539367677,0.012645626068115234,0.5658797985038719,0.5803492497756102,0.09,2,0.5,polynomial,"{'alpha': 0.09, 'gamma': 0.5, 'degree': 2, 'kernel': 'polynomial'}",64,0.5743288496123509,0.5787780042243511,0.5933057773502902,0.5717362622313229,0.5324377647465856,0.5900247298729734,0.5585301593800556,0.5824390637456001,0.5707964414300779,0.5787681888038031,0.035246596684519065,0.0008609519652900661,0.02010040285693547,0.005952047687319167
99,0.3211371898651123,0.012139558792114258,0.5681573956837891,0.5838418157273255,0.09,2,0.7,polynomial,"{'alpha': 0.09, 'gamma': 0.7, 'degree': 2, 'kernel': 'polynomial'}",51,0.5778290545607534,0.5818675592815774,0.5937683286150509,0.575191491139402,0.5330491231662684,0.5942138174830278,0.5620853717381362,0.5855218276586233,0.5740551003387369,0.5824143830739967,0.0027066874196538717,0.0001508775612092557,0.020266741549642493,0.006183271439608566
100,0.31883039474487307,0.012069606781005859,0.5693598199855836,0.5861391789892829,0.09,2,0.9,polynomial,"{'alpha': 0.09, 'gamma': 0.9, 'degree': 2, 'kernel': 'polynomial'}",40,0.5804129435131671,0.5838972896075609,0.5929744881255431,0.5774580383428547,0.5331143548805819,0.5969747982454452,0.5645775513899797,0.5874941444312252,0.5757197620186466,0.584871624319329,0.0020998697783023135,0.00013380144123014694,0.020282390329242533,0.006344155448562721
101,0.3436731815338135,0.013159561157226562,0.5696910142179318,0.5870074566124487,0.09,2,1,polynomial,"{'alpha': 0.09, 'gamma': 1, 'degree': 2, 'kernel': 'polynomial'}",32,0.58142442069796,0.5846684252445691,0.5922108249785176,0.5783130125920876,0.5330681751459755,0.5980102962645724,0.5655566148524256,0.5882293526620825,0.5761950354147807,0.585816196298932,0.017224650578335665,0.0006474566926329761,0.02022593679339047,0.006403733849312193
102,0.4912386417388916,0.06265578269958497,0.5564741434637692,0.5688221684281984,0.09,3,0.1,polynomial,"{'alpha': 0.09, 'gamma': 0.1, 'degree': 3, 'kernel': 'polynomial'}",120,0.5648604535757338,0.5679496076054622,0.5878163877841209,0.5605138032036117,0.5254472946018096,0.5768927849621799,0.5470563506695104,0.5711286243480765,0.557190230687671,0.567626022021662,0.02051346061683024,0.001672931863754556,0.020516039718529357,0.005323075266596978
103,0.47707219123840333,0.06018862724304199,0.5643540857666633,0.5856661462835336,0.09,3,0.3,polynomial,"{'alpha': 0.09, 'gamma': 0.3, 'degree': 3, 'kernel': 'polynomial'}",77,0.5758107971708633,0.5834726678900732,0.5886711908233091,0.5763003728528466,0.5287042446677761,0.5955342834038236,0.5602288067926031,0.5878338117818647,0.5683553893787653,0.5851895954890599,0.007786887615611304,0.0020781037210118648,0.02013215021859823,0.006242356350205489
104,0.4930867671966553,0.0604670524597168,0.5661639748982775,0.5938841902888958,0.09,3,0.5,polynomial,"{'alpha': 0.09, 'gamma': 0.5, 'degree': 3, 'kernel': 'polynomial'}",61,0.5838180990532217,0.5907502284877995,0.5840135638406663,0.5846555657716392,0.5282510780395079,0.6043413099065011,0.5641744737272694,0.5962495354016317,0.5705626598307225,0.5934243118769074,0.010673009912383185,0.003071147540347069,0.020449793237871605,0.006483007379361885
105,0.47414579391479494,0.05873861312866211,0.5644481770880404,0.5987435076511171,0.09,3,0.7,polynomial,"{'alpha': 0.09, 'gamma': 0.7, 'degree': 3, 'kernel': 'polynomial'}",75,0.5885754822056564,0.5951094210558863,0.5692676149899748,0.5899134726600812,0.5279341092049278,0.6091122743614418,0.5652371031598382,0.6010803453132685,0.5712265758798045,0.5985020248649072,0.006262145021198503,0.0014554705987203278,0.019925863001780612,0.0063907206262357715
106,0.4935028076171875,0.060683393478393556,0.55988654148479,0.6020257037879209,0.09,3,0.9,polynomial,"{'alpha': 0.09, 'gamma': 0.9, 'degree': 3, 'kernel': 'polynomial'}",105,0.5910232047818249,0.5982774178615671,0.5451510557431802,0.5935209121804271,0.5279856976777964,0.6120045285533002,0.5650162849102855,0.6042896265519447,0.5702564643108632,0.6020360337923651,0.037319572866763295,0.0052788854780144905,0.021624706906418125,0.0061819661008647355
107,0.4764225959777832,0.05901932716369629,0.5567981895222347,0.6033211559390828,0.09,3,1,polynomial,"{'alpha': 0.09, 'gamma': 1, 'degree': 3, 'kernel': 'polynomial'}",118,0.5915680767425278,0.5996215691738194,0.5303654342160684,0.5949356679335738,0.5280945379743578,0.613082279783002,0.5645837212847294,0.605555953071808,0.5693791773934898,0.6034103097332105,0.010147264865474242,0.0014124106828309105,0.02429168986798151,0.00607099920349229
108,0.4727198123931885,0.060340070724487306,0.5591098435624194,0.5751807336480794,0.09,4,0.1,polynomial,"{'alpha': 0.09, 'gamma': 0.1, 'degree': 4, 'kernel': 'polynomial'}",108,0.5671469035409751,0.5740858636853958,0.5870970542297383,0.5664339939689218,0.5265999353179821,0.5835303813862067,0.5525224618221822,0.5773995199035016,0.5621828629012194,0.5744539092963719,0.0023255081949592896,0.002093066332159462,0.01978691221057886,0.005529414050085901
109,0.47458682060241697,0.060506772994995114,0.5689510954582726,0.5980222068121644,0.09,4,0.3,polynomial,"{'alpha': 0.09, 'gamma': 0.3, 'degree': 4, 'kernel': 'polynomial'}",43,0.5850459416902427,0.5954180867681258,0.5874530351705329,0.5897524206444589,0.5341357062362416,0.6067664558330016,0.5645438934509106,0.6010762051042544,0.5735769007434349,0.597097865710982,0.003567864044540419,0.00212311662173804,0.019257718863345784,0.005688831293704768
110,0.47456016540527346,0.060396337509155275,0.5651867417175837,0.6065352404973572,0.09,4,0.5,polynomial,"{'alpha': 0.09, 'gamma': 0.5, 'degree': 4, 'kernel': 'polynomial'}",71,0.5877584425504839,0.603903434283762,0.5666867368912616,0.5984834944314442,0.5375968169636651,0.6151218998847183,0.5628845054383862,0.6094637086805692,0.5710072067441214,0.6057036652062922,0.004672792604095579,0.003739187661310916,0.016199467379814047,0.005563365554324382
111,0.47779202461242676,0.06022195816040039,0.5554521758772364,0.6117967589009279,0.09,4,0.7,polynomial,"{'alpha': 0.09, 'gamma': 0.7, 'degree': 4, 'kernel': 'polynomial'}",123,0.5821125656781933,0.6098546790709999,0.5457944537780851,0.6032220213581243,0.5304252074448246,0.6205063944274021,0.5566423903817185,0.6147591003415962,0.56228626210336,0.6106415993065173,0.012457192065586346,0.002030519503229773,0.017196037186009504,0.005714287523348109
112,0.4729625701904297,0.059696388244628903,0.5470512232820451,0.6163484023376453,0.09,4,0.9,polynomial,"{'alpha': 0.09, 'gamma': 0.9, 'degree': 4, 'kernel': 'polynomial'}",139,0.5736509052014301,0.6150027204750859,0.5399596660190551,0.6073568024608315,0.5149542902710278,0.6253856763484278,0.5499050451701415,0.6192935668458772,0.5567862097485713,0.6147032455580046,0.0032388193254943858,0.0017581137169461638,0.01944716242649752,0.005928112420932171
113,0.49431700706481935,0.06222758293151855,0.5434555185115929,0.6184811269999624,0.09,4,1,polynomial,"{'alpha': 0.09, 'gamma': 1, 'degree': 4, 'kernel': 'polynomial'}",146,0.5691793639392919,0.6173006823817258,0.5430749147412975,0.6094009042010905,0.5031334095058737,0.6276898386529994,0.5470964851612936,0.6213923817331464,0.554793419210208,0.61662182803085,0.011179936314907721,0.0022336440029012963,0.022043312763208273,0.006009603358969468
114,0.47935166358947756,0.061600780487060545,0.5611752029731235,0.5815170207521791,0.09,5,0.1,polynomial,"{'alpha': 0.09, 'gamma': 0.1, 'degree': 5, 'kernel': 'polynomial'}",95,0.5708288604877874,0.5800561189289941,0.588003053539676,0.5725656276105154,0.5263463485817191,0.5898127439940822,0.5564386266001815,0.5840274630762416,0.5642591256562537,0.5811231501510628,0.006318667178005477,0.004197333817377501,0.02028754052368882,0.005613165811424577
115,0.472774076461792,0.059597015380859375,0.5644337000064062,0.6055643283814186,0.09,5,0.3,polynomial,"{'alpha': 0.09, 'gamma': 0.3, 'degree': 5, 'kernel': 'polynomial'}",76,0.5845420150365386,0.6029573500088208,0.5774143141394883,0.5971789352464794,0.535395205359589,0.6142144215221288,0.5614658776741894,0.6087647864800727,0.5633510878222256,0.6047061486495913,0.0029394196145851145,0.0018696359329418177,0.01688819035014227,0.0057081462857744006
116,0.4714051723480225,0.060048580169677734,0.5473381524729566,0.6157079562985949,0.09,5,0.5,polynomial,"{'alpha': 0.09, 'gamma': 0.5, 'degree': 5, 'kernel': 'polynomial'}",138,0.5664852193520118,0.6139113565673053,0.5669356429254779,0.6064802845230538,0.5082489180324057,0.6250842464088905,0.5512310784749217,0.6190667774039347,0.5437899035799654,0.6139971165897902,0.0032973605952257854,0.001974005546878834,0.02147736014653299,0.006172538617957984
117,0.47767438888549807,0.059675407409667966,0.5306974928096766,0.624558911367326,0.09,5,0.7,polynomial,"{'alpha': 0.09, 'gamma': 0.7, 'degree': 5, 'kernel': 'polynomial'}",157,0.540010092950504,0.6225493551148245,0.577728908209667,0.615600440964331,0.45247118650370666,0.6343117660162304,0.5424216085696953,0.6280775586842735,0.54085566781481,0.6222554360569708,0.004312296639438803,0.002079251500636909,0.04161412491924842,0.006278495990958984
118,0.4758460521697998,0.05823483467102051,0.5016902967936551,0.6320495747877508,0.09,5,0.9,polynomial,"{'alpha': 0.09, 'gamma': 0.9, 'degree': 5, 'kernel': 'polynomial'}",169,0.5168560544787935,0.629467218235298,0.5891632869974606,0.623582519117665,0.3497668899920413,0.6417943569695469,0.5327164176166922,0.6356601946401408,0.5199488348832878,0.629743584976103,0.006622250276534205,0.001859838035057211,0.08032215154247833,0.00619151906376575
119,0.47228517532348635,0.05959863662719726,0.4842472831627077,0.6353866984041406,0.09,5,1,polynomial,"{'alpha': 0.09, 'gamma': 1, 'degree': 5, 'kernel': 'polynomial'}",172,0.5073953811182361,0.6325273718969596,0.586725216263815,0.627082019571534,0.3005026576958596,0.6451046598747183,0.5271756684448583,0.6389532660000878,0.4994374922907694,0.6332661746774034,0.002747131190103672,0.0019575291216736936,0.09682276314573247,0.0061449042144391735
120,0.3136197566986084,0.012218332290649414,0.5494828629090515,0.557284460954258,0.1,2,0.1,polynomial,"{'alpha': 0.1, 'gamma': 0.1, 'degree': 2, 'kernel': 'polynomial'}",133,0.559515803584607,0.5555779601123447,0.58935543413378,0.5483824080778985,0.517440769515232,0.5654539572140505,0.5353611886917353,0.5600407212044358,0.5457411186199029,0.5569672581625604,0.0020455029287205426,0.00032104085009271815,0.024209914980246845,0.0055963728941786015
121,0.32465205192565916,0.012519359588623047,0.5612606494486847,0.5736937244780748,0.1,2,0.3,polynomial,"{'alpha': 0.1, 'gamma': 0.3, 'degree': 2, 'kernel': 'polynomial'}",94,0.5694996813067108,0.5726182350048687,0.5916271658728994,0.5651207026677657,0.5296680342787276,0.5824008427382026,0.5521677640364389,0.5762271553503854,0.5633406017486473,0.5721016866291517,0.010882689780596502,0.0002544596716877209,0.02037207434537304,0.005646594468527788
122,0.31970744132995604,0.012784576416015625,0.5654920950165838,0.579710224830475,0.1,2,0.5,polynomial,"{'alpha': 0.1, 'gamma': 0.5, 'degree': 2, 'kernel': 'polynomial'}",70,0.5738834343512047,0.578190991312602,0.5934125051247963,0.5711017533734424,0.5321880688630002,0.5892844596970569,0.557908316982564,0.5818532274780674,0.5700681497613541,0.5781206922912058,0.006467080860536174,0.0005797991930411917,0.02018700572533988,0.005919440828825482
123,0.3189709663391113,0.013028383255004883,0.5678653874152713,0.5832819688227776,0.1,2,0.7,polynomial,"{'alpha': 0.1, 'gamma': 0.7, 'degree': 2, 'kernel': 'polynomial'}",52,0.5773361892891742,0.5813635444288043,0.5940242761476635,0.5746390530892959,0.5329299079280195,0.5935498687282859,0.5615122048314827,0.5850256688473022,0.5735243588800168,0.5818317090201996,0.0030703195462386977,0.0011043998131801268,0.02033154279357249,0.0061474198859602066
124,0.3249715805053711,0.012076854705810547,0.5691772459268227,0.5856530703872789,0.1,2,0.9,polynomial,"{'alpha': 0.1, 'gamma': 0.9, 'degree': 2, 'kernel': 'polynomial'}",42,0.5799408214463546,0.5834599001040535,0.5934474565786767,0.5769813314886958,0.5330777199142427,0.5963974445434754,0.5640574520427484,0.5870715853949651,0.5753627796520913,0.5843550904052048,0.00785116288864368,0.0001906219386555183,0.020359501851788097,0.006311062735952833
125,0.32433342933654785,0.012208938598632812,0.5695626706763777,0.5865534269004679,0.1,2,1,polynomial,"{'alpha': 0.1, 'gamma': 1, 'degree': 2, 'kernel': 'polynomial'}",34,0.580973706417097,0.5842593109612197,0.5928064525720143,0.5778690352095339,0.5330586327874491,0.5974726900080993,0.565062262859946,0.5878371831666556,0.575912298745382,0.5853289151568306,0.00921883953534888,0.00019280637931618966,0.02031551802348694,0.006372744980920515
126,0.47513618469238283,0.05748143196105957,0.5559456038263895,0.5678874632271984,0.1,3,0.1,polynomial,"{'alpha': 0.1, 'gamma': 0.1, 'degree': 3, 'kernel': 'polynomial'}",121,0.5644680520245215,0.5669880644132816,0.5882122439849994,0.5595926301844389,0.5247887099885302,0.5759376693125859,0.5460818981783157,0.5701923151191992,0.5561771149555802,0.5667266371064869,0.003972756893671518,0.0015518130820536713,0.020889550069608853,0.005311851861216115
127,0.47470459938049314,0.05969462394714355,0.5640605657365511,0.5848764374204782,0.1,3,0.3,polynomial,"{'alpha': 0.1, 'gamma': 0.3, 'degree': 3, 'kernel': 'polynomial'}",81,0.5751728096870308,0.5827545225413922,0.5888538078241705,0.5755308300829775,0.5285910944546632,0.5946643168730259,0.5597485361910433,0.5870202120844814,0.5679365805258476,0.5844123055205142,0.004717192252932091,0.0013782175313235801,0.020148882357565744,0.006204138484415485
128,0.47192559242248533,0.059728813171386716,0.5660980062701301,0.5931991712727551,0.1,3,0.5,polynomial,"{'alpha': 0.1, 'gamma': 0.5, 'degree': 3, 'kernel': 'polynomial'}",62,0.583167461487571,0.5901330684139547,0.58493022267258,0.5839377209329959,0.5282311036507467,0.603626636276037,0.5639372549953956,0.5955513454339736,0.5702239885443571,0.5927470853068149,0.003568115054852453,0.0021171700707022455,0.02050177341516238,0.006475254134573278
129,0.47458629608154296,0.06098265647888183,0.5647963352304944,0.598163334425964,0.1,3,0.7,polynomial,"{'alpha': 0.1, 'gamma': 0.7, 'degree': 3, 'kernel': 'polynomial'}",74,0.5880620424203518,0.5945680649083598,0.5717104628745191,0.5892841198371304,0.5279254366602598,0.6085646583772828,0.5651712909660741,0.6005096397502566,0.5711124432312671,0.5978901892567907,0.0044541181183772585,0.0033468617666404152,0.019942894802809558,0.0064114539929300725
130,0.47461819648742676,0.05992903709411621,0.5607734102421208,0.6015128051157675,0.1,3,0.9,polynomial,"{'alpha': 0.1, 'gamma': 0.9, 'degree': 3, 'kernel': 'polynomial'}",98,0.5907291048100332,0.5977578310436237,0.5496718708521835,0.5929613140564662,0.5279361803665389,0.6115637589640419,0.5651028849062119,0.603791338770697,0.5704270102756367,0.6014897827440087,0.008964906168817338,0.0022674885752859636,0.021027638118667993,0.006219995957011096
131,0.48145160675048826,0.05781497955322266,0.5579639395188749,0.6028336881849625,0.1,3,1,polynomial,"{'alpha': 0.1, 'gamma': 1, 'degree': 3, 'kernel': 'polynomial'}",114,0.591401956991533,0.5991057719415631,0.535967725815252,0.5944060125974882,0.5280336703888675,0.6126754669949261,0.564748705703996,0.6050824737529004,0.5696676386947264,0.6028987156379355,0.01095864133392464,0.0022928955975890235,0.02315497815407088,0.006113018085528084
132,0.47387237548828126,0.06056022644042969,0.558714575210815,0.5743070134327745,0.1,4,0.1,polynomial,"{'alpha': 0.1, 'gamma': 0.1, 'degree': 4, 'kernel': 'polynomial'}",110,0.5667104410742416,0.5732451511091755,0.5873643742412215,0.5656054644606584,0.5262427280568702,0.5826038357883592,0.551800156901847,0.5765118721975033,0.5614551757798947,0.5735687436081757,0.003050997197463182,0.0018028127266319408,0.019972409894694093,0.005497057609573653
133,0.47643160820007324,0.060799169540405276,0.5686938783255556,0.5972767340317343,0.1,4,0.3,polynomial,"{'alpha': 0.1, 'gamma': 0.3, 'degree': 4, 'kernel': 'polynomial'}",48,0.584465592344154,0.5947092925657875,0.5880663723195907,0.5889549184598284,0.5336011112981977,0.6060181811885708,0.5643338330369557,0.6003265426091636,0.5730024826288798,0.5963747353353216,0.008087962252304865,0.005031062488307893,0.019458246838968123,0.005698634968076733
134,0.4747802257537842,0.058885622024536136,0.5658556345615824,0.6060198173931574,0.1,4,0.5,polynomial,"{'alpha': 0.1, 'gamma': 0.5, 'degree': 4, 'kernel': 'polynomial'}",65,0.5879300588612923,0.6033503176580195,0.5687801411307551,0.5979950114049513,0.5377594620845059,0.6146070558380206,0.5632113572309464,0.608954764158435,0.5715971535004121,0.6051919379063606,0.0033928621289156954,0.0023334487865845836,0.016279957598376277,0.005559922680269185
135,0.47229723930358886,0.057496166229248045,0.5565012408149371,0.6112655071261754,0.1,4,0.7,polynomial,"{'alpha': 0.1, 'gamma': 0.7, 'degree': 4, 'kernel': 'polynomial'}",119,0.5828742960779671,0.6092460524894621,0.5479264701463289,0.6027463311752346,0.5314330723672924,0.6199519789519942,0.5573179661209565,0.6142232337429765,0.5629543993621405,0.61015993927121,0.0035569744936554343,0.002871201547202213,0.016969314073977095,0.005693501132260203
136,0.4766849994659424,0.05849442481994629,0.5481379169644456,0.6157485469200571,0.1,4,0.9,polynomial,"{'alpha': 0.1, 'gamma': 0.9, 'degree': 4, 'kernel': 'polynomial'}",137,0.5747948959131014,0.6143428025033488,0.5406467156557573,0.6067914367352576,0.5173909501211058,0.6247453446938531,0.550654151256587,0.6186975956444368,0.5572028718756759,0.6141655550233895,0.009280949623362945,0.0016097739590627375,0.018976793387384467,0.005905100543327055
137,0.47748360633850095,0.05693974494934082,0.5445697246289503,0.6178487779926773,0.1,4,1,polynomial,"{'alpha': 0.1, 'gamma': 1, 'degree': 4, 'kernel': 'polynomial'}",142,0.5704312716076991,0.6166300293457707,0.5428053459090633,0.6087837413617823,0.5066604235369389,0.6270160788028061,0.5477876326188231,0.6207644376358918,0.5551639494722268,0.6160496028171356,0.008546323977329904,0.0022214392305375803,0.021126477631385636,0.00599062173725814
138,0.4750497817993164,0.05969781875610351,0.5607492713416805,0.5805231274783865,0.1,5,0.1,polynomial,"{'alpha': 0.1, 'gamma': 0.1, 'degree': 5, 'kernel': 'polynomial'}",99,0.570198528493912,0.579102642114629,0.5881110116862924,0.5715856199192682,0.5259857017153252,0.5887841434885757,0.555795018335146,0.582978575074558,0.5636560964777269,0.5801646567949015,0.005506106082873201,0.0019231509855192608,0.020393397577675575,0.005591045156086847
139,0.47370328903198244,0.05971078872680664,0.565098405222298,0.6050072591968207,0.1,5,0.3,polynomial,"{'alpha': 0.1, 'gamma': 0.3, 'degree': 5, 'kernel': 'polynomial'}",72,0.5847731581497799,0.6023779809739225,0.5786002050791875,0.5966631875255058,0.5359693775329635,0.6136191061561476,0.5617187818514231,0.6082140794523563,0.5644305034981361,0.6041619418761716,0.002887019927170121,0.003961872679099098,0.01691013130109332,0.005686805810017009
140,0.477722692489624,0.0586543083190918,0.5481597105157843,0.6150581277627228,0.1,5,0.5,polynomial,"{'alpha': 0.1, 'gamma': 0.5, 'degree': 5, 'kernel': 'polynomial'}",136,0.5679389820048837,0.6132354127008213,0.5673007030761337,0.605845595358781,0.5101392414829282,0.6244027935398795,0.5518124434011027,0.6184032176531422,0.5436071826138729,0.6134036195609899,0.008951229097494347,0.0013383761946191817,0.02115287786634427,0.006155369131772863
141,0.47503137588500977,0.0589900016784668,0.5324805841382692,0.6238092521514996,0.1,5,0.7,polynomial,"{'alpha': 0.1, 'gamma': 0.7, 'degree': 5, 'kernel': 'polynomial'}",156,0.5420079122165224,0.6218462461690001,0.5772459268396621,0.6148019871320298,0.45898643675697437,0.6335623963307861,0.5430762714798893,0.627302780223742,0.5410863733982969,0.6215328509019404,0.007233806589147497,0.002724514444103508,0.03919801981176266,0.006284819457085204
142,0.47327160835266113,0.06123676300048828,0.5052126429720916,0.6312718384952147,0.1,5,0.9,polynomial,"{'alpha': 0.1, 'gamma': 0.9, 'degree': 5, 'kernel': 'polynomial'}",167,0.5187946141062494,0.6287484658543563,0.5892764089725481,0.6227617963920593,0.3609406670940528,0.6410328711974527,0.5338714912686877,0.6348739440206326,0.5231800334189197,0.6289421150115728,0.004690042052720735,0.0032365785988843244,0.07643264541147073,0.006204333344086981
143,0.4711891174316406,0.059386253356933594,0.48810596517009264,0.6345869450081976,0.1,5,1,polynomial,"{'alpha': 0.1, 'gamma': 1, 'degree': 5, 'kernel': 'polynomial'}",171,0.5092227039201859,0.6317947050557644,0.5881887603011031,0.6262496596311642,0.3100616149916826,0.6443152301273379,0.5284992292542301,0.6381608237319818,0.5045575173832617,0.6324143064947398,0.0030600945201781104,0.0012475510809614079,0.09387709254202678,0.006155313639642156
144,0.3881441593170166,0.032947874069213866,0.5641827984411654,0.582692645977572,0.01,,0.1,rbf,"{'alpha': 0.01, 'gamma': 0.1, 'kernel': 'rbf'}",78,0.570294713146591,0.5815330990673715,0.589372206173185,0.5740351415017246,0.5329347484312874,0.5915039365470016,0.558179764814574,0.5852218219912031,0.5701325596401892,0.5811692307805594,0.0133539971497295,0.000243738829148833,0.018545826828284345,0.005703565541932659
145,0.38070192337036135,0.032826805114746095,0.5754087680390315,0.6015546420483295,0.01,,0.3,rbf,"{'alpha': 0.01, 'gamma': 0.3, 'kernel': 'rbf'}",3,0.5840997253761365,0.5991165135899872,0.6077200929261108,0.5936472417463616,0.5377318283528529,0.6112781289550312,0.5666204094927847,0.6043710951061705,0.5808717840472728,0.599360230844097,0.005265906937971778,0.0024668888851936215,0.02300515607142625,0.005929004906390661
146,0.3889110565185547,0.03325200080871582,0.575937898351506,0.6092685959882559,0.01,,0.5,rbf,"{'alpha': 0.01, 'gamma': 0.5, 'kernel': 'rbf'}",1,0.5861253555553059,0.6061070321263085,0.6123592257395556,0.600952996772977,0.5338033832916818,0.6195952387386989,0.5658217751948589,0.6126446904315845,0.5815797519761281,0.6070430218717106,0.015391412678336065,0.001686440703421314,0.0258448493605802,0.006358229638761219
147,0.38292512893676756,0.034075450897216794,0.5742412275856577,0.6148434337006075,0.01,,0.7,rbf,"{'alpha': 0.01, 'gamma': 0.7, 'kernel': 'rbf'}",8,0.5865493305248198,0.6111015261244606,0.6150217660563447,0.6059182511085964,0.5287581103361492,0.6255110250891314,0.5595832564805108,0.6191702002184534,0.581293674530464,0.6125161659623952,0.0031204730326472303,0.0023429087434704847,0.028802252673988425,0.00680581143240022
148,0.38748998641967775,0.034323596954345705,0.5712421652109144,0.6194302358693641,0.01,,0.9,rbf,"{'alpha': 0.01, 'gamma': 0.9, 'kernel': 'rbf'}",25,0.5868669655530306,0.6152221693982529,0.6153040885299847,0.6102304999395866,0.5232340014064361,0.6304605446236307,0.5505698298707389,0.6244095193085055,0.5802359406943818,0.6168284460768447,0.007811875903673026,0.0020199951922843513,0.0316183639995745,0.007149451021010571
149,0.3853921890258789,0.03242678642272949,0.5695320178368297,0.6214958628145394,0.01,,1,rbf,"{'alpha': 0.01, 'gamma': 1, 'kernel': 'rbf'}",35,0.5869527234555756,0.6170775576051146,0.6146168031755133,0.6122732415745651,0.5205743449773397,0.6327163503736033,0.5461255898376836,0.6266505729933547,0.5793906277380362,0.6187615915260589,0.005178739706999698,0.0005942586102001835,0.03279641945691757,0.007273579325605157
150,0.38591861724853516,0.03292579650878906,0.5618314448770588,0.5752294874350132,0.03,,0.1,rbf,"{'alpha': 0.03, 'gamma': 0.1, 'kernel': 'rbf'}",91,0.5660930401807173,0.574522299579072,0.5918187372352062,0.5669505512982465,0.5314761695520349,0.5834071638553029,0.5536303445430815,0.5774769009152412,0.5661389328742541,0.5737905215272034,0.0023509921480891166,0.00165362619549803,0.019619654110595915,0.005348584487323057
151,0.3886388301849365,0.03211474418640137,0.5722273752078182,0.5931621944787039,0.03,,0.3,rbf,"{'alpha': 0.03, 'gamma': 0.3, 'kernel': 'rbf'}",22,0.5779316929898883,0.591440933483887,0.6056084991614651,0.5851808299711903,0.5372273146111042,0.602320746573533,0.5631779707378175,0.5958866665140274,0.5771913985388157,0.5909817958508817,0.005921172748182154,0.002765408916002492,0.022263765038436734,0.005704750324689821
152,0.38730416297912595,0.0329282283782959,0.575347480813757,0.6014687218632738,0.03,,0.5,rbf,"{'alpha': 0.03, 'gamma': 0.5, 'kernel': 'rbf'}",4,0.5824662990887137,0.598904418348391,0.6114468169486935,0.5936221984778305,0.5368498330406991,0.6114647771786019,0.565728126850668,0.6043293634077711,0.5802463281400108,0.5990228519037744,0.006132810909232619,0.0011747802915561029,0.024299955567311477,0.006037056460341154
153,0.3874045848846436,0.03282561302185059,0.5756278708665568,0.606842918356627,0.03,,0.7,rbf,"{'alpha': 0.03, 'gamma': 0.7, 'kernel': 'rbf'}",2,0.5842731964517103,0.6036462199816857,0.6138514434395779,0.5986137910116963,0.5340657339336115,0.6173786192422508,0.5646114614070207,0.6102549591229712,0.5813375191008634,0.6043210024245307,0.005047066651479918,0.0017580897470949094,0.026142516104961645,0.006433358262533319
154,0.38820571899414064,0.03369922637939453,0.5745816569271582,0.6110983603266571,0.03,,0.9,rbf,"{'alpha': 0.03, 'gamma': 0.9, 'kernel': 'rbf'}",6,0.5853422479862838,0.6073762463164777,0.6147422846524939,0.6024181439768657,0.5306865839617343,0.6220261103654736,0.5606899924651111,0.6151627878213182,0.5814471755701681,0.6085085131531501,0.00709862236480984,0.0007251507005621696,0.027912568701709432,0.006809447682981253
155,0.3911725997924805,0.034270191192626955,0.573662678404363,0.6129712098391826,0.03,,1,rbf,"{'alpha': 0.03, 'gamma': 1, 'kernel': 'rbf'}",13,0.5857826388521457,0.6090217511796656,0.6146871197467652,0.6041150566404839,0.5288089278494155,0.6240852429441062,0.5580421396572096,0.6173190181850199,0.5809925659162793,0.6103149802466372,0.004453975352791899,0.0029831479061773122,0.028773201591919293,0.006978687528466044
156,0.388628625869751,0.03328299522399902,0.5607157977900372,0.5716780216510069,0.05,,0.1,rbf,"{'alpha': 0.05, 'gamma': 0.1, 'kernel': 'rbf'}",100,0.5643790138373063,0.5710780070189415,0.5948624993879116,0.5634776905568344,0.5298806547003632,0.5796602273195253,0.5505278417680718,0.5738625486293198,0.5639289792565334,0.5703116347304138,0.009936096318524478,0.00347069079876189,0.021186511814010607,0.005252813080303104
157,0.3900591373443604,0.033858108520507815,0.5701267305923442,0.588604987335563,0.05,,0.3,rbf,"{'alpha': 0.05, 'gamma': 0.3, 'kernel': 'rbf'}",26,0.5747524796000214,0.587236911981625,0.6046445204414366,0.5805523681176668,0.5361108620655806,0.5974312789743725,0.5607627286297732,0.5912600110312807,0.5743630622249092,0.5865443665728696,0.010425853044456774,0.0015835708711690048,0.022251227921327422,0.0055841747696194
158,0.3893918514251709,0.03462362289428711,0.5740562099213944,0.5971877771432379,0.05,,0.5,rbf,"{'alpha': 0.05, 'gamma': 0.5, 'kernel': 'rbf'}",9,0.5797065789788577,0.5949843003148696,0.6107219920359319,0.5894289304512272,0.5372179675945783,0.6068647788096106,0.5641229035662105,0.5998801892869874,0.578511607431394,0.5947806868534942,0.006830182639676747,0.0019473953356673233,0.023882560534429928,0.00586076002219934
159,0.39369049072265627,0.03329434394836426,0.5748875005410945,0.6025465816004225,0.05,,0.7,rbf,"{'alpha': 0.05, 'gamma': 0.7, 'kernel': 'rbf'}",5,0.5819380432420784,0.5997042812503637,0.6129659344697942,0.5945990043067484,0.5353215618472753,0.6128562237970137,0.5643570495909007,0.6056048446710672,0.5798549135554238,0.5999685539769195,0.008840949742347386,0.004185175185551492,0.02530101332687357,0.0062214239170372485
160,0.38506326675415037,0.03269553184509277,0.574536930093671,0.6067159478242748,0.05,,0.9,rbf,"{'alpha': 0.05, 'gamma': 0.9, 'kernel': 'rbf'}",7,0.5832618449475753,0.6033325345973719,0.6138277744655809,0.5984036553533358,0.5327559461933891,0.6174665280217841,0.5622767513603653,0.6103135682899299,0.5805623335014445,0.6040634528589526,0.00352587715270316,0.001361137118005391,0.02665394032836478,0.006574119991686341
161,0.3852226257324219,0.033421564102172854,0.5740004216578468,0.6085441246795131,0.05,,1,rbf,"{'alpha': 0.05, 'gamma': 1, 'kernel': 'rbf'}",10,0.5837825478353023,0.6049157301129015,0.6138746822417858,0.6000516372770561,0.5312917777632448,0.6194876888929493,0.5605673041311315,0.6124096146032554,0.5804857963177695,0.6058559525114038,0.005135656476272506,0.0019458356284345563,0.027320994286261138,0.0067411789630814345
162,0.38852977752685547,0.03302617073059082,0.5596718809317396,0.5690981685459958,0.07,,0.1,rbf,"{'alpha': 0.07, 'gamma': 0.1, 'kernel': 'rbf'}",106,0.5629667872145807,0.5685180303622406,0.5970175892507743,0.5608543359114058,0.5283197751737942,0.5770035543965519,0.5478741588125066,0.5713011233891248,0.5621810942070419,0.567813798670656,0.006089968087172095,0.0007021402041612154,0.02251219789884634,0.005240135079997488
163,0.3833376407623291,0.03201479911804199,0.5686854379977232,0.5854729477936951,0.07,,0.3,rbf,"{'alpha': 0.07, 'gamma': 0.3, 'kernel': 'rbf'}",49,0.5727101836388622,0.5843007129215989,0.6042960824726085,0.5773780737294121,0.5351614250718403,0.5940929154379884,0.5589504953452029,0.5880654839420834,0.5723090034601022,0.5835275529373927,0.003009298132899161,0.002658805269653039,0.022432455751233805,0.005508371224386586
164,0.38820643424987794,0.030916404724121094,0.572908072129283,0.5940914193221374,0.07,,0.5,rbf,"{'alpha': 0.07, 'gamma': 0.5, 'kernel': 'rbf'}",18,0.5776566674337202,0.5921387891537381,0.6102260841500844,0.5863449851921052,0.5370740466675298,0.6035207247461704,0.5625619508141656,0.5966941788210717,0.5770216115809144,0.5917584186976017,0.007344525451031126,0.001318811928720477,0.02376225575331952,0.005743675757013877
165,0.38225460052490234,0.031357526779174805,0.5739835548000645,0.5994275918013401,0.07,,0.7,rbf,"{'alpha': 0.07, 'gamma': 0.7, 'kernel': 'rbf'}",11,0.5800206230560847,0.5968410854600523,0.6123128970393735,0.5916119208614508,0.53573088467107,0.609526526475846,0.5634056697138857,0.6022871305222873,0.5784476995199082,0.5968712956870637,0.002756545720971138,0.0012002320241530633,0.02490249659210781,0.006074122494229967
166,0.3825220584869385,0.03242435455322266,0.5739326964055795,0.603524463130488,0.07,,0.9,rbf,"{'alpha': 0.07, 'gamma': 0.9, 'kernel': 'rbf'}",12,0.5814404573363046,0.6004004310026247,0.6130721046592398,0.5954322264576557,0.5336004205962258,0.6141011853076104,0.5622254188612126,0.6068381486212691,0.5793250805749152,0.6008503242632801,0.003604292266404694,0.0019237624270128236,0.026004193427722113,0.0064069096033893096
167,0.3840670585632324,0.03300480842590332,0.5735949537678631,0.6053185847785225,0.07,,1,rbf,"{'alpha': 0.07, 'gamma': 1, 'kernel': 'rbf'}",14,0.5819862695579432,0.6019463146998244,0.6131311952985152,0.5970673173145207,0.5323693291438651,0.6160963866300194,0.5610303604074934,0.608874675941915,0.5794576144314982,0.602608229306333,0.0048610778802670096,0.0007375990904706725,0.026553043129050487,0.0065667106551803274
168,0.3828312873840332,0.034511899948120116,0.5586176133768173,0.5669598254023308,0.09,,0.1,rbf,"{'alpha': 0.09, 'gamma': 0.1, 'kernel': 'rbf'}",111,0.5616206357996313,0.5663678984927619,0.5984717018729863,0.5586204708056302,0.5268349171689071,0.5748371483255754,0.5455048790477179,0.5692215492708705,0.5606559329948437,0.565752060116816,0.0033867097760957067,0.002288775764506088,0.02359493522020128,0.005263487832897045
169,0.38767757415771487,0.032976627349853516,0.5675909257478329,0.5830863867560439,0.09,,0.3,rbf,"{'alpha': 0.09, 'gamma': 0.3, 'kernel': 'rbf'}",54,0.5711993212732894,0.5820328127612152,0.6042133996844303,0.5749620913108748,0.5343556677812742,0.5915694113390597,0.5574574391516938,0.5856233132368359,0.5707288008484762,0.5812443051322336,0.00653225827422151,0.0005511940548825279,0.022677487948844624,0.005457200040254126
170,0.3870807647705078,0.032184267044067384,0.5719017345943633,0.5916311668061426,0.09,,0.5,rbf,"{'alpha': 0.09, 'gamma': 0.5, 'kernel': 'rbf'}",23,0.5760336142958131,0.5898653049462821,0.6098590936789399,0.5838716800485142,0.5367562027375539,0.6008648729250183,0.5611395399527146,0.5941828105443198,0.5757202223067956,0.5893711655665786,0.00891443451835563,0.0017757965559802014,0.023763196880703892,0.005660525115377425
171,0.3858518123626709,0.032125425338745114,0.5731111733488453,0.5969321061504187,0.09,,0.7,rbf,"{'alpha': 0.09, 'gamma': 0.7, 'kernel': 'rbf'}",16,0.5784175011052732,0.5945418156613336,0.6118031869315077,0.5891832524976337,0.5358163642759066,0.6068464117784285,0.5623107521533455,0.5996634142591584,0.5772080622781934,0.5944256365555397,0.006356094868099614,0.0005935480283653892,0.02469641840440081,0.005963121857802274
172,0.3818532466888428,0.03298630714416504,0.5732015254865772,0.6009562117949282,0.09,,0.9,rbf,"{'alpha': 0.09, 'gamma': 0.9, 'kernel': 'rbf'}",15,0.5798586741907168,0.5980372487698105,0.6124440414001437,0.5930012464876991,0.5339621306217509,0.6113720019800857,0.561651492757458,0.6040774726176876,0.5780912884628162,0.5982930891193584,0.002053768111455265,0.0005060864987375738,0.025617711964423487,0.006278932948698722
173,0.3836341381072998,0.033749055862426755,0.5729734317593937,0.6027165927682019,0.09,,1,rbf,"{'alpha': 0.09, 'gamma': 1, 'kernel': 'rbf'}",17,0.58040767217867,0.5995520175441424,0.6124869486010889,0.5946266355112573,0.5328777730684788,0.6133405113989221,0.5607714562651924,0.606057508377895,0.5783233086835383,0.6000062910087928,0.0046851981508106095,0.00329235281140284,0.026083547223234225,0.006431750066323048
174,0.3867168426513672,0.03247456550598145,0.558084890691376,0.565992911205951,0.1,,0.1,rbf,"{'alpha': 0.1, 'gamma': 0.1, 'kernel': 'rbf'}",113,0.5609562652401787,0.5653899387508834,0.5989985846464803,0.5575962189804403,0.526121842020576,0.5738657449171672,0.5444020520013526,0.5682925351941519,0.559945709548292,0.5648201181871125,0.006666083723967358,0.0009166718496663094,0.024060317315525298,0.005282295726445652
175,0.38895139694213865,0.033458375930786134,0.5671233678592313,0.5820737436576753,0.1,,0.3,rbf,"{'alpha': 0.1, 'gamma': 0.3, 'kernel': 'rbf'}",55,0.5705606216295498,0.5810624754332208,0.6042190057592012,0.5739365705327641,0.5339919692323387,0.5905049290081108,0.5567864401517697,0.5845859828685662,0.5700588025232973,0.5802787604457145,0.007732002693612189,0.0028177217019204467,0.02280815420308096,0.0054379122259176835
176,0.38081884384155273,0.035032224655151364,0.5714404470108925,0.5905614724672614,0.1,,0.5,rbf,"{'alpha': 0.1, 'gamma': 0.5, 'kernel': 'rbf'}",24,0.5753303550671005,0.5888723393155935,0.6097046569075353,0.582790988839091,0.5365668440781488,0.5997120937640047,0.5604774641043586,0.5930966100090984,0.5751229148973197,0.5883353304085196,0.002743581463172593,0.0016608299032927416,0.023787378540538168,0.005627612061218698
177,0.380921459197998,0.03088078498840332,0.5726959690816984,0.5958412461413602,0.1,,0.7,rbf,"{'alpha': 0.1, 'gamma': 0.7, 'kernel': 'rbf'}",20,0.5777044276873049,0.5935335095862517,0.6115841363144692,0.5881119998334652,0.5357940606400167,0.6056724138868861,0.5617552252444882,0.5985248344929639,0.5766419955222131,0.5933634729072345,0.0027577835330154926,0.0012842016004479344,0.024634918531819733,0.005917089865418205
178,0.38077821731567385,0.0331425666809082,0.5728268992241345,0.5998291768514571,0.1,,0.9,rbf,"{'alpha': 0.1, 'gamma': 0.9, 'kernel': 'rbf'}",19,0.5791408190216418,0.5969977255689236,0.6121662126358611,0.5919231491340051,0.5340448946392696,0.6101698290730487,0.5612796150477124,0.6028757051611882,0.5775029547761876,0.5971794753201196,0.0020386982437216724,0.00034889588671070524,0.025482136134605454,0.006225009750185978
179,0.3871884346008301,0.033782243728637695,0.5726342511729274,0.6015725406693502,0.1,,1,rbf,"{'alpha': 0.1, 'gamma': 1, 'kernel': 'rbf'}",21,0.5796867039757525,0.5984976735466243,0.6121964033801233,0.5935428529293139,0.5330146721591835,0.6121241992415392,0.5605139909556508,0.6048287705512576,0.5777594853939269,0.5988692070780159,0.010703406187463755,0.0012482107826271157,0.025914400446787514,0.006374625278380246
