,mean_fit_time,mean_score_time,mean_test_score,mean_train_score,param_activation,param_alpha,param_hidden_layer_sizes,param_learning_rate_init,param_max_iter,param_solver,params,rank_test_score,split0_test_score,split0_train_score,split1_test_score,split1_train_score,split2_test_score,split2_train_score,split3_test_score,split3_train_score,split4_test_score,split4_train_score,std_fit_time,std_score_time,std_test_score,std_train_score
0,4.472548007965088,0.0004668235778808594,0.5595206888137364,0.5632711161877305,logistic,1e-05,"(2,)",0.001,20000,sgd,"{'solver': 'sgd', 'activation': 'logistic', 'max_iter': 20000, 'alpha': 1e-05, 'learning_rate_init': 0.001, 'hidden_layer_sizes': (2,)}",80,0.5536587692156832,0.5673117629057371,0.5774682545926659,0.5625023431128204,0.5737906690504082,0.5595391498372007,0.5340314165284561,0.5638032059209538,0.5586543346814683,0.5631991191619401,0.5610814887884787,4.3806778251098066e-06,0.015559968674992266,0.002495344218253503
1,0.9715608119964599,0.0004910469055175781,0.5925491713200202,0.6054316460290226,logistic,1e-05,"(2,)",0.001,20000,lbfgs,"{'solver': 'lbfgs', 'activation': 'logistic', 'max_iter': 20000, 'alpha': 1e-05, 'learning_rate_init': 0.001, 'hidden_layer_sizes': (2,)}",13,0.5998933791211092,0.6039232703002302,0.5867114167511429,0.6063037692933096,0.596014113928718,0.6040673425612277,0.588037496446322,0.6080017856035487,0.5920894503528088,0.6048620623867966,0.24016742684173753,2.0487357195797763e-06,0.0049109906830953525,0.0015379963093320017
2,0.6321509838104248,0.0004687786102294922,0.5580653211727613,0.5650953036389568,logistic,1e-05,"(2,)",0.01,20000,sgd,"{'solver': 'sgd', 'activation': 'logistic', 'max_iter': 20000, 'alpha': 1e-05, 'learning_rate_init': 0.01, 'hidden_layer_sizes': (2,)}",84,0.5628307304422495,0.5777228672793034,0.5746547393939414,0.5681668357761753,0.5747966377941351,0.5653207606697424,0.5444691537012563,0.5707493224423665,0.533575344532224,0.543516732027196,0.07651571720486897,4.311093159597666e-06,0.01650738988498716,0.01154593595571102
3,0.9905148029327393,0.000490570068359375,0.593007103016989,0.605412671257746,logistic,1e-05,"(2,)",0.01,20000,lbfgs,"{'solver': 'lbfgs', 'activation': 'logistic', 'max_iter': 20000, 'alpha': 1e-05, 'learning_rate_init': 0.01, 'hidden_layer_sizes': (2,)}",7,0.599928597951384,0.6039230964158491,0.5872255808744221,0.6061477358802222,0.5958071178707823,0.6040044784831202,0.5880082182004598,0.6080269908088068,0.594066000187897,0.604961054700732,0.20728097888448813,3.792579426793704e-06,0.0048017348161012215,0.0015349778062867692
4,0.17117581367492676,0.00046296119689941405,0.47526848776088626,0.48396704577379596,logistic,1e-05,"(2,)",0.1,20000,sgd,"{'solver': 'sgd', 'activation': 'logistic', 'max_iter': 20000, 'alpha': 1e-05, 'learning_rate_init': 0.1, 'hidden_layer_sizes': (2,)}",109,0.5210696624422861,0.5173499464488925,0.573282387472529,0.5789184956005897,0.588104028908944,0.5728067517030331,0.2753847658440495,0.29165466487990643,0.41850159413662247,0.4591053702365582,0.07562775772822071,1.3852919622739745e-06,0.11628612469605384,0.10547496763391981
5,0.800535774230957,0.0004913806915283203,0.5802265778889972,0.5947452441430513,logistic,1e-05,"(2,)",0.1,20000,lbfgs,"{'solver': 'lbfgs', 'activation': 'logistic', 'max_iter': 20000, 'alpha': 1e-05, 'learning_rate_init': 0.1, 'hidden_layer_sizes': (2,)}",56,0.600305736435963,0.6040212501994173,0.5871219346800969,0.6062402048209546,0.5955713854100857,0.603995184120727,0.5274947709190472,0.5546010914213944,0.5906390619997938,0.604868490152763,0.35237292148952815,1.41517042553326e-05,0.02674040000734345,0.020088667981963095
6,5.405681037902832,0.0004745960235595703,0.5667710283718458,0.5716603183870977,logistic,1e-05,"(3,)",0.001,20000,sgd,"{'solver': 'sgd', 'activation': 'logistic', 'max_iter': 20000, 'alpha': 1e-05, 'learning_rate_init': 0.001, 'hidden_layer_sizes': (3,)}",67,0.5588680444793759,0.5744115690129483,0.5855016783533178,0.5680831338075936,0.5818310228012502,0.5718632707770452,0.5475823354059908,0.5746407982697109,0.5600720608192944,0.5693028200681907,0.6044329720083667,6.2219484071281625e-06,0.014513303823421725,0.0026399953730634716
7,1.2734568119049072,0.0004977703094482422,0.5871298710482732,0.6102467459846844,logistic,1e-05,"(3,)",0.001,20000,lbfgs,"{'solver': 'lbfgs', 'activation': 'logistic', 'max_iter': 20000, 'alpha': 1e-05, 'learning_rate_init': 0.001, 'hidden_layer_sizes': (3,)}",37,0.5999351247547665,0.6039226342880507,0.585400386180163,0.6115385266246915,0.5913097593531469,0.6126148627660734,0.5874327404127753,0.6127827848360448,0.5715713445405137,0.6103749214085619,0.5601574387017402,6.712065259837839e-06,0.009236845604236448,0.003277773178808676
8,0.8130552291870117,0.0004764080047607422,0.5773361570870785,0.582461373227198,logistic,1e-05,"(3,)",0.01,20000,sgd,"{'solver': 'sgd', 'activation': 'logistic', 'max_iter': 20000, 'alpha': 1e-05, 'learning_rate_init': 0.01, 'hidden_layer_sizes': (3,)}",57,0.5674111889515341,0.5846459140330504,0.590034198006069,0.5806470214390347,0.5948158985338088,0.5789544292576778,0.5586301573946286,0.5851258123475991,0.5757893425493521,0.582933689058628,0.04397311283371755,3.44314731569971e-06,0.013546908550843083,0.002353085847135328
9,1.6960176467895507,0.0004960060119628906,0.5867202810999649,0.6125119771000727,logistic,1e-05,"(3,)",0.01,20000,lbfgs,"{'solver': 'lbfgs', 'activation': 'logistic', 'max_iter': 20000, 'alpha': 1e-05, 'learning_rate_init': 0.01, 'hidden_layer_sizes': (3,)}",41,0.5989057330353844,0.6084225878518436,0.5841813545163534,0.6134353206639335,0.5914146773880776,0.6125171731918733,0.5751449171489473,0.6137479125464748,0.5839547234110614,0.6144368912462383,0.7885277568269451,8.237836316217204e-06,0.007982557278296288,0.002135814863587522
10,0.19113559722900392,0.00047235488891601564,0.44696362828247904,0.4501423662559505,logistic,1e-05,"(3,)",0.1,20000,sgd,"{'solver': 'sgd', 'activation': 'logistic', 'max_iter': 20000, 'alpha': 1e-05, 'learning_rate_init': 0.1, 'hidden_layer_sizes': (3,)}",110,-0.006230463819356213,-0.0007928022601415563,0.5548627855531347,0.5285755607110687,0.5867437146493033,0.5775807936817579,0.5723396212825232,0.5889861523461166,0.5271024837467904,0.5563621268009507,0.0812400452387228,6.72729190389572e-06,0.22746734340397884,0.22640454034666463
11,1.4400067329406738,0.0004996299743652344,0.5883405579367849,0.6106789895375806,logistic,1e-05,"(3,)",0.1,20000,lbfgs,"{'solver': 'lbfgs', 'activation': 'logistic', 'max_iter': 20000, 'alpha': 1e-05, 'learning_rate_init': 0.1, 'hidden_layer_sizes': (3,)}",31,0.5978697346730126,0.6084681708685535,0.5837291904161608,0.6134704515915458,0.591314473728523,0.6125514721054982,0.5877565557589319,0.6079343114635505,0.5810328351072962,0.6109705416587546,0.2035150885746172,3.645855875704818e-06,0.005910295530906171,0.002181945504480999
12,4.400303745269776,0.0004650115966796875,0.5598607425672857,0.5643180405489944,logistic,0.0001,"(2,)",0.001,20000,sgd,"{'solver': 'sgd', 'activation': 'logistic', 'max_iter': 20000, 'alpha': 0.0001, 'learning_rate_init': 0.001, 'hidden_layer_sizes': (2,)}",79,0.552530859640014,0.5650447422604197,0.5774155656395779,0.560850142919653,0.5753010525773024,0.5643382348100332,0.5366922484333637,0.5673191328917659,0.5573639865461699,0.5640379498631005,0.2562607268383915,1.7623633015228586e-06,0.015121607593737945,0.0020803760811606057
13,0.9480359554290771,0.0004916191101074219,0.5898604993778213,0.6036056407811572,logistic,0.0001,"(2,)",0.001,20000,lbfgs,"{'solver': 'lbfgs', 'activation': 'logistic', 'max_iter': 20000, 'alpha': 0.0001, 'learning_rate_init': 0.001, 'hidden_layer_sizes': (2,)}",23,0.5997922010405483,0.6038931080193253,0.5870355327785006,0.6062730649988827,0.5961233387950342,0.6039915227756594,0.5739171119893107,0.59903781801934,0.5924343122857121,0.6048326900925787,0.3291368970597372,2.966371729849966e-06,0.009018407909109356,0.0024379232588432626
14,0.7742320537567139,0.0004677295684814453,0.5645373584551784,0.572017516799658,logistic,0.0001,"(2,)",0.01,20000,sgd,"{'solver': 'sgd', 'activation': 'logistic', 'max_iter': 20000, 'alpha': 0.0001, 'learning_rate_init': 0.01, 'hidden_layer_sizes': (2,)}",71,0.5627452224539105,0.5772863343780297,0.5707076765195789,0.5700251221364068,0.5796137514922527,0.5677542004464715,0.5506147686787601,0.5748094038285052,0.55900537313139,0.570212523208877,0.1082544972959541,6.7256017569193455e-06,0.009929990646282468,0.0034916636877071437
15,0.9002813816070556,0.000491189956665039,0.5925886599884989,0.6052805155598125,logistic,0.0001,"(2,)",0.01,20000,lbfgs,"{'solver': 'lbfgs', 'activation': 'logistic', 'max_iter': 20000, 'alpha': 0.0001, 'learning_rate_init': 0.01, 'hidden_layer_sizes': (2,)}",12,0.5997603172286409,0.6038458157288977,0.5872352728693362,0.6063054146139917,0.5984561648460416,0.6033846215221441,0.5879929336469776,0.6080146682797729,0.5894986113514982,0.6048520576542569,0.30030172326880933,2.5114429630782496e-06,0.0053886572660759935,0.001694837051226506
16,0.1972883701324463,0.0004742145538330078,0.5267207698626292,0.5325095785707169,logistic,0.0001,"(2,)",0.1,20000,sgd,"{'solver': 'sgd', 'activation': 'logistic', 'max_iter': 20000, 'alpha': 0.0001, 'learning_rate_init': 0.1, 'hidden_layer_sizes': (2,)}",99,0.5268281180756325,0.5230252793952235,0.5474830187326963,0.5188772333406297,0.48977843224484696,0.5062667870405277,0.48240488904493384,0.5241034952123762,0.5871093912150365,0.5902750978648269,0.09349146555367965,6.577933599303588e-06,0.038487664756231305,0.029570236155178335
17,0.9530955791473389,0.0004853725433349609,0.5867315512768193,0.6013769055000058,logistic,0.0001,"(2,)",0.1,20000,lbfgs,"{'solver': 'lbfgs', 'activation': 'logistic', 'max_iter': 20000, 'alpha': 0.0001, 'learning_rate_init': 0.1, 'hidden_layer_sizes': (2,)}",40,0.600170244808732,0.604010190014864,0.5871592107111099,0.6063501242896836,0.566518878293782,0.5836261509069682,0.5872578603295993,0.6079973982886391,0.5925515622408732,0.6049006639998742,0.4079412301644058,5.688969059732145e-06,0.01116676367078988,0.008977796832388007
18,5.61576738357544,0.00047821998596191405,0.5680945842696274,0.5740013622195721,logistic,0.0001,"(3,)",0.001,20000,sgd,"{'solver': 'sgd', 'activation': 'logistic', 'max_iter': 20000, 'alpha': 0.0001, 'learning_rate_init': 0.001, 'hidden_layer_sizes': (3,)}",65,0.5560095134764925,0.5703876527807192,0.5825579907559142,0.5707566021127303,0.5868857503648379,0.5756673460027406,0.5450453217059164,0.5769458480998753,0.5699743450449767,0.5762493621017951,0.7735302729537062,4.435867206404775e-06,0.0157679991868586,0.0028314789985082463
19,1.3761998176574708,0.000493621826171875,0.591588830676277,0.6090052521364344,logistic,0.0001,"(3,)",0.001,20000,lbfgs,"{'solver': 'lbfgs', 'activation': 'logistic', 'max_iter': 20000, 'alpha': 0.0001, 'learning_rate_init': 0.001, 'hidden_layer_sizes': (3,)}",19,0.6004284540345596,0.6042521593634151,0.5822892309304306,0.6109527075869053,0.5956283019912005,0.6039980445969928,0.5928689258216533,0.6116020024236795,0.5867292406035406,0.6142213467111795,0.6681644247570575,8.855059893267408e-06,0.0064217300520900975,0.004132973642561243
20,0.7571511745452881,0.0004769802093505859,0.5651912467350939,0.5752569592526882,logistic,0.0001,"(3,)",0.01,20000,sgd,"{'solver': 'sgd', 'activation': 'logistic', 'max_iter': 20000, 'alpha': 0.0001, 'learning_rate_init': 0.01, 'hidden_layer_sizes': (3,)}",70,0.5691999771594647,0.5861942462444988,0.5630096096992916,0.5676970430641218,0.5698869800687185,0.5611781093530946,0.5524504375013458,0.5817637906167965,0.571409229246649,0.5794516069849287,0.1527559532468907,4.174980953187472e-06,0.0069838513408654376,0.009326569766137991
21,1.7308370113372802,0.0004951953887939453,0.5866743828899008,0.612760913107722,logistic,0.0001,"(3,)",0.01,20000,lbfgs,"{'solver': 'lbfgs', 'activation': 'logistic', 'max_iter': 20000, 'alpha': 0.0001, 'learning_rate_init': 0.01, 'hidden_layer_sizes': (3,)}",42,0.5953164389684631,0.6130078057013439,0.5842281004660264,0.6134254519896838,0.590774563542863,0.6124643343633608,0.5830640488641696,0.6138264692240558,0.5799887626079819,0.6110805042601657,0.42093967995334824,7.0597669690405835e-06,0.005571587613609872,0.0009539088595912292
22,0.2738207817077637,0.0004873752593994141,0.5458329841742333,0.5560226438933007,logistic,0.0001,"(3,)",0.1,20000,sgd,"{'solver': 'sgd', 'activation': 'logistic', 'max_iter': 20000, 'alpha': 0.0001, 'learning_rate_init': 0.1, 'hidden_layer_sizes': (3,)}",96,0.5443969472475731,0.5689581161222148,0.5830375741819798,0.5812145557320756,0.5382032833653516,0.5102336233412859,0.49044716827550694,0.5354621199163951,0.5730799478007552,0.5842448043545319,0.1139715589537378,9.24178810855863e-06,0.032417407927732005,0.02869780045332687
23,2.028977394104004,0.0005265235900878906,0.5883507236248616,0.6131522028429803,logistic,0.0001,"(3,)",0.1,20000,lbfgs,"{'solver': 'lbfgs', 'activation': 'logistic', 'max_iter': 20000, 'alpha': 0.0001, 'learning_rate_init': 0.1, 'hidden_layer_sizes': (3,)}",30,0.5937720006586391,0.6137493206689368,0.5855863404808908,0.6131645848378336,0.6006974981521696,0.6157035970744551,0.5866924629053554,0.6127428969653448,0.5750053159272533,0.610400614668331,0.9767984102131511,5.552514313225985e-05,0.00860609824834754,0.0017090982605228754
24,4.859350538253784,0.00047383308410644533,0.5610370150480755,0.5659629998384584,logistic,0.001,"(2,)",0.001,20000,sgd,"{'solver': 'sgd', 'activation': 'logistic', 'max_iter': 20000, 'alpha': 0.001, 'learning_rate_init': 0.001, 'hidden_layer_sizes': (2,)}",76,0.5510332220772942,0.5653380495964961,0.5782838095604833,0.5667748044143535,0.575990877332333,0.5632958180794101,0.5418450630016908,0.569210130487438,0.558032103268576,0.5651961966145944,0.28257007435079756,7.421829061146409e-06,0.014131569694307266,0.001964448657809284
25,0.80788254737854,0.0005800247192382813,0.5924516835967084,0.6053125835981744,logistic,0.001,"(2,)",0.001,20000,lbfgs,"{'solver': 'lbfgs', 'activation': 'logistic', 'max_iter': 20000, 'alpha': 0.001, 'learning_rate_init': 0.001, 'hidden_layer_sizes': (2,)}",16,0.599975571726247,0.6039405229656412,0.5872093020858742,0.6061354749719664,0.5962673272528951,0.6039031457616331,0.5879435542259324,0.607729575742023,0.5908626626925937,0.6048541985496083,0.14276586867606503,0.00011051758414166131,0.00492947889455496,0.0014558972136561024
26,0.8032998085021973,0.0004961967468261718,0.5578843528361703,0.563886728941402,logistic,0.001,"(2,)",0.01,20000,sgd,"{'solver': 'sgd', 'activation': 'logistic', 'max_iter': 20000, 'alpha': 0.001, 'learning_rate_init': 0.01, 'hidden_layer_sizes': (2,)}",85,0.5589607006331896,0.5684274477628639,0.5733756098096722,0.5694867498478505,0.5323500038388334,0.5349665229288871,0.5575370380911342,0.577259007304297,0.5671984118080224,0.5692939168631116,0.07050291682099011,4.04950710532918e-05,0.014000091913843136,0.014808188189039012
27,1.0490458011627197,0.0005867958068847656,0.584521983187589,0.5989762102743923,logistic,0.001,"(2,)",0.01,20000,lbfgs,"{'solver': 'lbfgs', 'activation': 'logistic', 'max_iter': 20000, 'alpha': 0.001, 'learning_rate_init': 0.01, 'hidden_layer_sizes': (2,)}",50,0.5616544739300631,0.5720217605807527,0.5871767407337493,0.6061831459115394,0.5949215248093336,0.6039630424398916,0.5880082238323843,0.6078539098634554,0.5908489526324139,0.6048591925763223,0.1508168273277944,0.00012047386820184222,0.011749941271372355,0.013540855256373286
28,0.22514023780822753,0.00047101974487304685,0.513713781105397,0.519495483960388,logistic,0.001,"(2,)",0.1,20000,sgd,"{'solver': 'sgd', 'activation': 'logistic', 'max_iter': 20000, 'alpha': 0.001, 'learning_rate_init': 0.1, 'hidden_layer_sizes': (2,)}",101,0.5639712426442934,0.5858174450893642,0.5803480226096256,0.5864195203884034,0.5330360554464508,0.5247367482550143,0.4798528021732279,0.5275890071891567,0.41136078265338727,0.3729146988800013,0.11342945267380444,3.974088008120467e-06,0.06158244401329062,0.07804656520854075
29,0.909018611907959,0.0006506443023681641,0.5928908156286392,0.6053197108747068,logistic,0.001,"(2,)",0.1,20000,lbfgs,"{'solver': 'lbfgs', 'activation': 'logistic', 'max_iter': 20000, 'alpha': 0.001, 'learning_rate_init': 0.1, 'hidden_layer_sizes': (2,)}",8,0.5998359413763192,0.6038673004033359,0.5872082653723871,0.6062005462915445,0.596171294886203,0.6038611798318698,0.5880044492173764,0.6078262636558958,0.5932341272909103,0.604843264190888,0.2857213037839053,0.00031684065641262703,0.004801710795701757,0.0015180571991351755
30,5.793445205688476,0.0004783153533935547,0.5692595182419048,0.5749205403826033,logistic,0.001,"(3,)",0.001,20000,sgd,"{'solver': 'sgd', 'activation': 'logistic', 'max_iter': 20000, 'alpha': 0.001, 'learning_rate_init': 0.001, 'hidden_layer_sizes': (3,)}",62,0.5620132732029848,0.5765540763813278,0.5870349288968175,0.576403675623399,0.5841359310114341,0.5689876232099487,0.5467340270551013,0.5770529030948046,0.5663794310431862,0.5756044236035364,0.4422419061493168,5.92967664974587e-06,0.014869254207815916,0.003002742185918053
31,1.6804409980773927,0.0004971981048583985,0.5847422440079526,0.6120812440446772,logistic,0.001,"(3,)",0.001,20000,lbfgs,"{'solver': 'lbfgs', 'activation': 'logistic', 'max_iter': 20000, 'alpha': 0.001, 'learning_rate_init': 0.001, 'hidden_layer_sizes': (3,)}",49,0.5969792232480744,0.612348818333269,0.582504429675053,0.6109609670099775,0.5911597178979997,0.6124402879937181,0.5729797560465504,0.6136811012113885,0.5800880931720857,0.6109750456750329,0.46448167124397544,1.7898614855694733e-05,0.008437448525309914,0.0010235963050553819
32,0.7608540534973145,0.0004942417144775391,0.5695394023893923,0.5750496409212109,logistic,0.001,"(3,)",0.01,20000,sgd,"{'solver': 'sgd', 'activation': 'logistic', 'max_iter': 20000, 'alpha': 0.001, 'learning_rate_init': 0.01, 'hidden_layer_sizes': (3,)}",61,0.5578416627323932,0.5726951977845252,0.5726320557930629,0.5612595864531915,0.5929823365756121,0.5768797270726667,0.5564303485817701,0.5853186839413158,0.5678106082641227,0.5790950093543552,0.15143538093277703,1.2866653531132999e-05,0.013197036048115472,0.008010948387615837
33,1.3583693981170655,0.000507974624633789,0.5869583967282204,0.6115005542019398,logistic,0.001,"(3,)",0.01,20000,lbfgs,"{'solver': 'lbfgs', 'activation': 'logistic', 'max_iter': 20000, 'alpha': 0.001, 'learning_rate_init': 0.01, 'hidden_layer_sizes': (3,)}",38,0.5945741084608263,0.6105012757062391,0.5870319625551634,0.6108541581157971,0.5884665786983989,0.6163465814263926,0.5860779996336591,0.609422577337817,0.5786413342930539,0.610378178423453,0.19064510774888566,1.5007573686210838e-05,0.0051034834490725255,0.0024689301532547234
34,0.21091222763061523,0.0004752159118652344,0.513842914289488,0.5272150255327462,logistic,0.001,"(3,)",0.1,20000,sgd,"{'solver': 'sgd', 'activation': 'logistic', 'max_iter': 20000, 'alpha': 0.001, 'learning_rate_init': 0.1, 'hidden_layer_sizes': (3,)}",100,0.5020397763590978,0.5024588651238351,0.5642059208448063,0.5742689788263147,0.5876351285602391,0.5763705594901183,0.5681480078824774,0.5818190078667027,0.3471857378008194,0.40115771635676023,0.07025498432312398,5.869940951718968e-06,0.08814158501705521,0.06944818010689204
35,1.8411838054656982,0.0004990100860595703,0.5873955235211978,0.6121793957262567,logistic,0.001,"(3,)",0.1,20000,lbfgs,"{'solver': 'lbfgs', 'activation': 'logistic', 'max_iter': 20000, 'alpha': 0.001, 'learning_rate_init': 0.1, 'hidden_layer_sizes': (3,)}",36,0.5997198397565522,0.6038544257344531,0.5878222543589546,0.6127347493881292,0.588417472341008,0.6164087827335372,0.5729128686513992,0.6136911000408836,0.5881051824980751,0.6142079207342801,0.9101339053217692,1.1911388394161984e-05,0.00852485961419174,0.0043336225298144185
36,5.132249593734741,0.00046987533569335936,0.5606023583510529,0.5666531233402775,logistic,0.01,"(2,)",0.001,20000,sgd,"{'solver': 'sgd', 'activation': 'logistic', 'max_iter': 20000, 'alpha': 0.01, 'learning_rate_init': 0.001, 'hidden_layer_sizes': (2,)}",77,0.5508116354351456,0.5676811068326426,0.5821807824402712,0.5713859503104788,0.5722094565096066,0.5624606620781659,0.540495369933587,0.5677178209319642,0.5573145474366539,0.564020076548136,0.570792697487085,3.5632213005579764e-06,0.014908467747434526,0.0031336767221937915
37,0.43831167221069334,0.0004801750183105469,0.5885952954462292,0.5929880529315164,logistic,0.01,"(2,)",0.001,20000,lbfgs,"{'solver': 'lbfgs', 'activation': 'logistic', 'max_iter': 20000, 'alpha': 0.01, 'learning_rate_init': 0.001, 'hidden_layer_sizes': (2,)}",28,0.5989803726806342,0.6037325133189896,0.5646477984754745,0.5454571861166194,0.5973847846069389,0.6035762167207954,0.5879768833284743,0.6075314998780627,0.5939866381396244,0.6046428486231149,0.16093847490832977,1.0810646103624949e-05,0.012554175159046539,0.023807906473782878
38,0.7535994052886963,0.00047245025634765623,0.5653730108244168,0.5721559957834602,logistic,0.01,"(2,)",0.01,20000,sgd,"{'solver': 'sgd', 'activation': 'logistic', 'max_iter': 20000, 'alpha': 0.01, 'learning_rate_init': 0.01, 'hidden_layer_sizes': (2,)}",68,0.5654555842658049,0.5810512798884029,0.573837030557465,0.5683578092261027,0.5710240849936159,0.5634329712421878,0.5541413538875126,0.5786117812012226,0.562407000417686,0.5693261373593852,0.20241161113585998,4.0896952900679715e-06,0.0069069301858580455,0.006623121947243294
39,0.7057986259460449,0.000489187240600586,0.5932812741580624,0.6050394325831812,logistic,0.01,"(2,)",0.01,20000,lbfgs,"{'solver': 'lbfgs', 'activation': 'logistic', 'max_iter': 20000, 'alpha': 0.01, 'learning_rate_init': 0.01, 'hidden_layer_sizes': (2,)}",5,0.5991377300717061,0.6036988043606699,0.5879042349950936,0.6057542410652768,0.5974973832329205,0.6035681645645434,0.5879357564479835,0.6074435006415807,0.5939312660426084,0.6047324522838349,0.3918420003240816,1.5936922237907418e-05,0.0046900586520510915,0.0014385162434494326
40,0.19234104156494142,0.00046796798706054686,0.4757236356073049,0.49153251866929215,logistic,0.01,"(2,)",0.1,20000,sgd,"{'solver': 'sgd', 'activation': 'logistic', 'max_iter': 20000, 'alpha': 0.01, 'learning_rate_init': 0.1, 'hidden_layer_sizes': (2,)}",108,0.5242440354962172,0.5248892641409979,0.5843723868487821,0.5870037532867861,0.20671611378528032,0.2467369535690358,0.4838866680401488,0.5319065186552264,0.5793989738660957,0.5671261036944149,0.07667767421003156,4.324258441449979e-06,0.13952708554980553,0.12449638370042825
41,0.5489726066589355,0.0004946231842041015,0.5930383402167937,0.6050536961434847,logistic,0.01,"(2,)",0.1,20000,lbfgs,"{'solver': 'lbfgs', 'activation': 'logistic', 'max_iter': 20000, 'alpha': 0.01, 'learning_rate_init': 0.1, 'hidden_layer_sizes': (2,)}",6,0.5987974584019551,0.603705190858173,0.5879245349787889,0.605829969343481,0.5975212211466709,0.603622477106764,0.5879754824828365,0.607432641161783,0.5929730040737169,0.6046782022472224,0.08308125190014412,1.0360213184569713e-05,0.004583698614879497,0.001433166395282443
42,5.580141973495484,0.0004817962646484375,0.5673016626291931,0.5731974566336003,logistic,0.01,"(3,)",0.001,20000,sgd,"{'solver': 'sgd', 'activation': 'logistic', 'max_iter': 20000, 'alpha': 0.01, 'learning_rate_init': 0.001, 'hidden_layer_sizes': (3,)}",66,0.5585197702983956,0.5710887496846246,0.5871985767031429,0.5789430669524583,0.5873078191587509,0.5729278588798821,0.543083071668139,0.5720925284058165,0.5603990753175367,0.5709350792452199,0.7467229635042927,1.0135902599782122e-05,0.017363415455462213,0.0029621135602013807
43,0.8916441917419433,0.0004918098449707032,0.5889817227087246,0.610256430805747,logistic,0.01,"(3,)",0.001,20000,lbfgs,"{'solver': 'lbfgs', 'activation': 'logistic', 'max_iter': 20000, 'alpha': 0.01, 'learning_rate_init': 0.001, 'hidden_layer_sizes': (3,)}",26,0.5984552203292195,0.6084033300852527,0.5837901762532652,0.6107011159779951,0.5947618847565788,0.6086878279031621,0.5830609032240442,0.6133705617649388,0.5848404289805158,0.6101193182973863,0.28538172763812514,1.5181404822225042e-05,0.006361069126768562,0.001778136874352314
44,0.7749477863311768,0.00048041343688964844,0.5691560488638195,0.5734717392740313,logistic,0.01,"(3,)",0.01,20000,sgd,"{'solver': 'sgd', 'activation': 'logistic', 'max_iter': 20000, 'alpha': 0.01, 'learning_rate_init': 0.01, 'hidden_layer_sizes': (3,)}",63,0.5698899265203947,0.5764021452245773,0.5842901213430164,0.5762688192556238,0.5883694880315451,0.5773219084445036,0.5468658663451125,0.5702056223341161,0.5563648420790288,0.5671602011113361,0.13274328846872957,7.253569362566535e-06,0.015869481268150163,0.004043210900856765
45,1.2184436321258545,0.0004935741424560546,0.5885460498686789,0.6103529712365676,logistic,0.01,"(3,)",0.01,20000,lbfgs,"{'solver': 'lbfgs', 'activation': 'logistic', 'max_iter': 20000, 'alpha': 0.01, 'learning_rate_init': 0.01, 'hidden_layer_sizes': (3,)}",29,0.5958883437346225,0.6082860060343753,0.5806488445302491,0.6111866794203746,0.5950272142819095,0.611317442189673,0.5835350207298786,0.6133264057850354,0.5876308260667344,0.6076483227533803,0.46480389997021004,6.9057479455496706e-06,0.00607006871723995,0.0021001930927337935
46,0.151032018661499,0.0004888534545898438,0.5284734903100168,0.5325859162999426,logistic,0.01,"(3,)",0.1,20000,sgd,"{'solver': 'sgd', 'activation': 'logistic', 'max_iter': 20000, 'alpha': 0.01, 'learning_rate_init': 0.1, 'hidden_layer_sizes': (3,)}",98,0.5087363469678863,0.5024783103495792,0.5523573974125277,0.5177711957485172,0.5769409376706316,0.5697228682622921,0.4586803401690177,0.507097829980166,0.5456524293300209,0.5658593771591581,0.030088628822410996,5.141445663140879e-06,0.0411710797815656,0.02919542027074511
47,0.9671518325805664,0.0004989147186279297,0.5879611356015069,0.6096768682201159,logistic,0.01,"(3,)",0.1,20000,lbfgs,"{'solver': 'lbfgs', 'activation': 'logistic', 'max_iter': 20000, 'alpha': 0.01, 'learning_rate_init': 0.1, 'hidden_layer_sizes': (3,)}",33,0.5985488500322387,0.6084084639008708,0.587915498841169,0.6058811170368699,0.5845311004311995,0.6104761816835756,0.5831599230524793,0.6133827381503552,0.5856503056504478,0.6102358403289079,0.4163159075498089,9.099472383023501e-06,0.00551830586056658,0.0024779588508819198
48,4.800506639480591,0.0004695415496826172,0.5592257401472451,0.5628841901957424,logistic,0.1,"(2,)",0.001,20000,sgd,"{'solver': 'sgd', 'activation': 'logistic', 'max_iter': 20000, 'alpha': 0.1, 'learning_rate_init': 0.001, 'hidden_layer_sizes': (2,)}",81,0.5495122620364568,0.5630767054078871,0.5775220046433464,0.559289465996742,0.5809786890692308,0.5641063979506082,0.5339429465393163,0.5659187865359079,0.5541727984478753,0.5620295950875664,0.7497638199280863,5.400272920172548e-06,0.01770337601002099,0.0022087101990303903
49,0.3738080024719238,0.00048704147338867186,0.5850669131780197,0.5956258209642361,logistic,0.1,"(2,)",0.001,20000,lbfgs,"{'solver': 'lbfgs', 'activation': 'logistic', 'max_iter': 20000, 'alpha': 0.1, 'learning_rate_init': 0.001, 'hidden_layer_sizes': (2,)}",46,0.5915170513328507,0.6018714700929508,0.589844529929785,0.6033512345959905,0.6007456462000726,0.6011712077551896,0.5499522902483287,0.5690067896318967,0.5932750481790616,0.6027284027451532,0.08155991951401899,1.5699460633425072e-06,0.01794805168763272,0.013330123484114297
50,0.6839592456817627,0.00046677589416503905,0.5575995159747558,0.5661591323094548,logistic,0.1,"(2,)",0.01,20000,sgd,"{'solver': 'sgd', 'activation': 'logistic', 'max_iter': 20000, 'alpha': 0.1, 'learning_rate_init': 0.01, 'hidden_layer_sizes': (2,)}",87,0.5528474000691277,0.5675555730228019,0.5743134969243453,0.5684034280833374,0.5707373733050087,0.5634132287620941,0.542394406862524,0.5690584016402563,0.547704902712773,0.562365030038784,0.09617248163201436,3.7769596764207554e-06,0.012677868706631451,0.0027323203022634264
51,0.3398430347442627,0.0004919528961181641,0.5923608904421972,0.602918562103523,logistic,0.1,"(2,)",0.01,20000,lbfgs,"{'solver': 'lbfgs', 'activation': 'logistic', 'max_iter': 20000, 'alpha': 0.1, 'learning_rate_init': 0.01, 'hidden_layer_sizes': (2,)}",17,0.5915165334704316,0.6021470591582532,0.5897265936392941,0.603378971290359,0.600749246687699,0.6012039000341356,0.5865684500942785,0.6051552434973966,0.5932436283192826,0.6027076365374706,0.04954301523476743,3.5478735423542545e-06,0.004740222994476981,0.0013262347211707034
52,0.17527761459350585,0.0005184173583984375,0.5094878512968772,0.521723887535879,logistic,0.1,"(2,)",0.1,20000,sgd,"{'solver': 'sgd', 'activation': 'logistic', 'max_iter': 20000, 'alpha': 0.1, 'learning_rate_init': 0.1, 'hidden_layer_sizes': (2,)}",102,0.48863773723464,0.49417714426791004,0.5674504144756536,0.5579632841984827,0.5334173660877892,0.526261911584539,0.4597407620077152,0.5090227769417403,0.4981929766785884,0.5211943206867229,0.03165520485856064,8.634184581752799e-05,0.03733458115521626,0.021233507712007514
53,0.31165280342102053,0.0004826068878173828,0.5924660530630633,0.6028348839991526,logistic,0.1,"(2,)",0.1,20000,lbfgs,"{'solver': 'lbfgs', 'activation': 'logistic', 'max_iter': 20000, 'alpha': 0.1, 'learning_rate_init': 0.1, 'hidden_layer_sizes': (2,)}",14,0.5918307736592174,0.6019206175693272,0.5897233641770159,0.6033726822943404,0.6007990401031251,0.6011139031791408,0.5864749086863319,0.6050561699970918,0.5935021786896262,0.6027110469558632,0.042551408073258294,1.083837329496412e-05,0.004781881690575329,0.0013443461006595147
54,5.643261861801148,0.00048379898071289064,0.5652507042541568,0.5695419430591327,logistic,0.1,"(3,)",0.001,20000,sgd,"{'solver': 'sgd', 'activation': 'logistic', 'max_iter': 20000, 'alpha': 0.1, 'learning_rate_init': 0.001, 'hidden_layer_sizes': (3,)}",69,0.5576689060210985,0.5724922071185155,0.5881611682474728,0.5704446908979528,0.5742914304925066,0.5590864163698228,0.5389863883390076,0.5728099743500231,0.5671456281706982,0.5728764265593493,0.7177864295222964,1.3373901003471802e-05,0.016477334632111238,0.005303505609743563
55,0.4130234241485596,0.0004801750183105469,0.5924547935133793,0.6067241753394935,logistic,0.1,"(3,)",0.001,20000,lbfgs,"{'solver': 'lbfgs', 'activation': 'logistic', 'max_iter': 20000, 'alpha': 0.1, 'learning_rate_init': 0.001, 'hidden_layer_sizes': (3,)}",15,0.5913430406362022,0.6054710974322768,0.5852849900431403,0.609265132170703,0.601728074524576,0.6048184287790369,0.5918321751825294,0.6087270644995479,0.5920856871804487,0.6053391538159028,0.10890191916608108,1.2971373089538043e-06,0.005275598734651906,0.0018755471426008025
56,0.7806131839752197,0.0004829883575439453,0.5684241241180621,0.5749881360346436,logistic,0.1,"(3,)",0.01,20000,sgd,"{'solver': 'sgd', 'activation': 'logistic', 'max_iter': 20000, 'alpha': 0.1, 'learning_rate_init': 0.01, 'hidden_layer_sizes': (3,)}",64,0.5627073174068622,0.5745052300458994,0.5858656168867009,0.5758571833366601,0.5751968576165098,0.5711391106435852,0.5498211640107161,0.5735474214188097,0.5685296646695209,0.5798917347282635,0.033820125485069075,7.755606494772192e-06,0.012073431422559244,0.0028956649191668395
57,0.5106743812561035,0.00048580169677734373,0.5933035220512417,0.6063597019972894,logistic,0.1,"(3,)",0.01,20000,lbfgs,"{'solver': 'lbfgs', 'activation': 'logistic', 'max_iter': 20000, 'alpha': 0.1, 'learning_rate_init': 0.01, 'hidden_layer_sizes': (3,)}",2,0.5958348261645054,0.6070857184229288,0.5898416304967276,0.6033995447910779,0.595075356068832,0.6059272407598684,0.5919921196401431,0.6088057305345336,0.5937736778860006,0.6065802754780383,0.03382420249795608,6.878035105516609e-06,0.002166675436133689,0.0017611565247347067
58,0.15917811393737794,0.000478363037109375,0.5027525594336362,0.5150328782396126,logistic,0.1,"(3,)",0.1,20000,sgd,"{'solver': 'sgd', 'activation': 'logistic', 'max_iter': 20000, 'alpha': 0.1, 'learning_rate_init': 0.1, 'hidden_layer_sizes': (3,)}",104,0.5425380619304833,0.5677947498165686,0.5011524403271932,0.5204144258820638,0.4212255027711739,0.3868935125950751,0.5347828995931122,0.5588422266495975,0.514063892546218,0.5412194762547581,0.04857415009184955,5.553873676149725e-06,0.04332665808862091,0.06608701854196468
59,0.6343883514404297,0.000492715835571289,0.5899641253125534,0.6081752892586779,logistic,0.1,"(3,)",0.1,20000,lbfgs,"{'solver': 'lbfgs', 'activation': 'logistic', 'max_iter': 20000, 'alpha': 0.1, 'learning_rate_init': 0.1, 'hidden_layer_sizes': (3,)}",22,0.5957253884117966,0.6070877726958803,0.5855095301803961,0.6092972877227801,0.5932654977935439,0.6072162745385503,0.5920864873021013,0.6088472739693935,0.5832337228749293,0.6084278373667856,0.21381470910439293,7.65111929586871e-06,0.004769431159696862,0.0008805255316653325
60,1.367348861694336,0.0004895687103271485,0.5570048087254119,0.5620777082988392,tanh,1e-05,"(2,)",0.001,20000,sgd,"{'solver': 'sgd', 'activation': 'tanh', 'max_iter': 20000, 'alpha': 1e-05, 'learning_rate_init': 0.001, 'hidden_layer_sizes': (2,)}",89,0.5503152600930323,0.5572099245743642,0.5790032940006171,0.5643858285356903,0.5659939946246699,0.5635330245122978,0.5346850201718139,0.5638794303762059,0.5550264747369265,0.5613803334956375,0.2891316533083137,2.5637082296094715e-05,0.014910235711665559,0.0026409550074695154
61,1.056657886505127,0.00048770904541015623,0.5824717436718468,0.5944103936235352,tanh,1e-05,"(2,)",0.001,20000,lbfgs,"{'solver': 'lbfgs', 'activation': 'tanh', 'max_iter': 20000, 'alpha': 1e-05, 'learning_rate_init': 0.001, 'hidden_layer_sizes': (2,)}",52,0.547488774332942,0.5488354021254104,0.5869927037429253,0.6063611805899014,0.5957063946809544,0.6040335276742378,0.5879859264853005,0.6078539381095827,0.5941849191171119,0.6049679196185438,0.4893880475310787,1.3905833884289397e-05,0.017815767747563757,0.0228240930229923
62,0.29499220848083496,0.0005446434020996094,0.546725192357186,0.5459832485261786,tanh,1e-05,"(2,)",0.01,20000,sgd,"{'solver': 'sgd', 'activation': 'tanh', 'max_iter': 20000, 'alpha': 1e-05, 'learning_rate_init': 0.01, 'hidden_layer_sizes': (2,)}",95,0.5579436950863057,0.5603382872500176,0.5676747503609857,0.5328885154485027,0.5886933666648112,0.5766492786991622,0.4976766193217004,0.5369103049934243,0.521637530352127,0.5231298562397864,0.09997505070191334,0.000148275088658844,0.032745136250901426,0.019608877688705766
63,1.5264400482177733,0.0004933834075927735,0.5926309824625545,0.605492846091412,tanh,1e-05,"(2,)",0.01,20000,lbfgs,"{'solver': 'lbfgs', 'activation': 'tanh', 'max_iter': 20000, 'alpha': 1e-05, 'learning_rate_init': 0.01, 'hidden_layer_sizes': (2,)}",11,0.6006151068884089,0.604108604498601,0.5866914279992861,0.6062725643983516,0.595805655767164,0.6040660395157238,0.5878679341159634,0.6080219253482881,0.5921747875419504,0.6049950966960955,0.2111340158559063,3.528594970703125e-06,0.005138051070555966,0.0014969207579541958
64,0.0817835807800293,0.00048761367797851564,0.17911544847423402,0.16946553058345515,tanh,1e-05,"(2,)",0.1,20000,sgd,"{'solver': 'sgd', 'activation': 'tanh', 'max_iter': 20000, 'alpha': 1e-05, 'learning_rate_init': 0.1, 'hidden_layer_sizes': (2,)}",113,-0.0030555826005169706,-2.5810674804116474e-06,0.48126868794186795,0.44499340368699625,-0.0036527956555703067,-0.0013757847022999314,-0.0008605945733630715,-0.0002666860109432623,0.4218775272587525,0.4039793010110031,0.04695793721310579,2.4228489693722345e-05,0.2232540699350255,0.20862767726371026
65,1.0739237785339355,0.0004951953887939453,0.5927349056134478,0.6053647712188635,tanh,1e-05,"(2,)",0.1,20000,lbfgs,"{'solver': 'lbfgs', 'activation': 'tanh', 'max_iter': 20000, 'alpha': 1e-05, 'learning_rate_init': 0.1, 'hidden_layer_sizes': (2,)}",9,0.6003216737429057,0.6040432110602868,0.5871579824696291,0.6058625053851536,0.5954479750214107,0.6040452814258843,0.5878686755977567,0.6079359882919857,0.5928782212355366,0.604936869931007,0.2906194515607212,2.6591956126401304e-06,0.00489331384539741,0.001451176806324463
66,1.1638335704803466,0.0004840373992919922,0.5577437390748085,0.5648142014502167,tanh,1e-05,"(3,)",0.001,20000,sgd,"{'solver': 'sgd', 'activation': 'tanh', 'max_iter': 20000, 'alpha': 1e-05, 'learning_rate_init': 0.001, 'hidden_layer_sizes': (3,)}",86,0.5418404458441834,0.5541109353358045,0.5852807121571005,0.5717965723559137,0.5717052812773968,0.5667152608129407,0.5320969445743751,0.5632474752795025,0.5577953115209864,0.5682007634669215,0.2783413907616441,5.622636021798582e-06,0.01930743385669594,0.0060141644285509645
67,2.458408546447754,0.0005018234252929688,0.5851179778812389,0.6106499069057019,tanh,1e-05,"(3,)",0.001,20000,lbfgs,"{'solver': 'lbfgs', 'activation': 'tanh', 'max_iter': 20000, 'alpha': 1e-05, 'learning_rate_init': 0.001, 'hidden_layer_sizes': (3,)}",45,0.6003488042613266,0.6040056112928835,0.5721560277884727,0.6101944964116498,0.5864375525818204,0.6167695034456109,0.586787749931968,0.6137475412632775,0.5798597548426072,0.6085323821150876,1.0588925035408157,1.144051495922024e-05,0.009296973142303308,0.004379104350708588
68,0.43570718765258787,0.0004888057708740234,0.5605885665301911,0.5705765627586823,tanh,1e-05,"(3,)",0.01,20000,sgd,"{'solver': 'sgd', 'activation': 'tanh', 'max_iter': 20000, 'alpha': 1e-05, 'learning_rate_init': 0.01, 'hidden_layer_sizes': (3,)}",78,0.5658415654640155,0.5855308872361292,0.5655912527371088,0.5817984898822517,0.5834446844113302,0.5733107400457997,0.508918266067089,0.5468823716584059,0.5791470639714114,0.5653603249708243,0.10657986524756503,5.555511021019067e-06,0.026792763085964837,0.01375254902144874
69,2.1715046405792235,0.0004989147186279297,0.5905421227310365,0.6092242945107111,tanh,1e-05,"(3,)",0.01,20000,lbfgs,"{'solver': 'lbfgs', 'activation': 'tanh', 'max_iter': 20000, 'alpha': 1e-05, 'learning_rate_init': 0.01, 'hidden_layer_sizes': (3,)}",21,0.6004081947311435,0.6040947730431409,0.5869837646963356,0.6063845473034979,0.5869083644645344,0.6166978995443975,0.5863648217050806,0.6140059886578375,0.5920454680580883,0.6049382640046816,0.560675141209185,1.0274264088550328e-05,0.0053463142217345955,0.005127681411748578
70,0.08828196525573731,0.0005174160003662109,0.17407964024408976,0.18102181879619023,tanh,1e-05,"(3,)",0.1,20000,sgd,"{'solver': 'sgd', 'activation': 'tanh', 'max_iter': 20000, 'alpha': 1e-05, 'learning_rate_init': 0.1, 'hidden_layer_sizes': (3,)}",114,-0.018501528409728074,-0.007217328389516275,-9.237569669529044e-05,-0.00013099406916561307,-0.0038158928838207817,-0.001496339276249703,0.432154180263177,0.48045054556760214,0.4606538179475159,0.43350321014828064,0.0401127202677815,7.036061490899941e-05,0.22261960645741388,0.2258174535165186
71,3.199410629272461,0.000511932373046875,0.5896701814303174,0.6126448541477536,tanh,1e-05,"(3,)",0.1,20000,lbfgs,"{'solver': 'lbfgs', 'activation': 'tanh', 'max_iter': 20000, 'alpha': 1e-05, 'learning_rate_init': 0.1, 'hidden_layer_sizes': (3,)}",24,0.5994223126236784,0.6107738218832437,0.5831424566587655,0.6140647774760064,0.5960995794310205,0.6041349244294976,0.5865202056676719,0.6140077156771928,0.5831663527704505,0.6202430312728272,1.0372580905598985,1.2691753489215086e-05,0.0068010961866343655,0.005244531151114044
72,1.3008706092834472,0.0005178451538085938,0.5590817782542816,0.5619768849198766,tanh,0.0001,"(2,)",0.001,20000,sgd,"{'solver': 'sgd', 'activation': 'tanh', 'max_iter': 20000, 'alpha': 0.0001, 'learning_rate_init': 0.001, 'hidden_layer_sizes': (2,)}",82,0.5588898613009405,0.5666286926840329,0.5767199566639492,0.5487908313588452,0.5677011438158976,0.5618318064924873,0.540917256313425,0.5689016835000013,0.5511806731771958,0.5637314105640164,0.11850771886402564,9.114564850996358e-05,0.012472473300769392,0.007022301152049635
73,1.3867740154266357,0.0005035877227783203,0.5822057350330982,0.5944712071728583,tanh,0.0001,"(2,)",0.001,20000,lbfgs,"{'solver': 'lbfgs', 'activation': 'tanh', 'max_iter': 20000, 'alpha': 0.0001, 'learning_rate_init': 0.001, 'hidden_layer_sizes': (2,)}",54,0.5474355650910137,0.5488354386966883,0.5868798146164955,0.6063783995532497,0.5959210287449535,0.6041116771597544,0.587907635527889,0.6080181756154195,0.59288463118514,0.6050123448391795,0.680891513333635,2.5213100101955053e-05,0.017694470953574265,0.0228559803712139
74,0.2910484313964844,0.0004742145538330078,0.4810327309648638,0.4857362953766288,tanh,0.0001,"(2,)",0.01,20000,sgd,"{'solver': 'sgd', 'activation': 'tanh', 'max_iter': 20000, 'alpha': 0.0001, 'learning_rate_init': 0.01, 'hidden_layer_sizes': (2,)}",107,0.4412977359419895,0.44778355940759607,0.542703995034238,0.5190035556629193,0.48695694140814183,0.45903578928562183,0.5552732617456582,0.5744069078268914,0.3789317206942914,0.42845166470011575,0.12363916018878894,1.919232539892016e-06,0.06535072091361226,0.05367316689754012
75,1.0413265228271484,0.0004872322082519531,0.5827781044860346,0.5942918134954123,tanh,0.0001,"(2,)",0.01,20000,lbfgs,"{'solver': 'lbfgs', 'activation': 'tanh', 'max_iter': 20000, 'alpha': 0.0001, 'learning_rate_init': 0.01, 'hidden_layer_sizes': (2,)}",51,0.5474897671523118,0.548846437753727,0.5873364398318877,0.6063549989406458,0.5979716511350093,0.6034183615383305,0.5879060834570291,0.6078727246567109,0.5931865808539352,0.6049665445876473,0.5017150495034831,1.1681634519792603e-05,0.018063895378940525,0.022770540311689413
76,0.10726628303527833,0.00047030448913574217,0.06509593591814618,0.05603063800688526,tanh,0.0001,"(2,)",0.1,20000,sgd,"{'solver': 'sgd', 'activation': 'tanh', 'max_iter': 20000, 'alpha': 0.0001, 'learning_rate_init': 0.1, 'hidden_layer_sizes': (2,)}",118,0.4491948882593282,0.4320238069278115,-1.6098956693966215e-05,-0.0006242037362427233,-0.008550663771312195,-0.013387125428105717,-0.09765927001733576,-0.13449761705825813,-0.017489175923255385,-0.003361670670778638,0.06813267599278916,3.3534910149607166e-06,0.19519475488747812,0.19453941624086707
77,1.1316101551055908,0.0004860401153564453,0.5926674883570173,0.6054000775805479,tanh,0.0001,"(2,)",0.1,20000,lbfgs,"{'solver': 'lbfgs', 'activation': 'tanh', 'max_iter': 20000, 'alpha': 0.0001, 'learning_rate_init': 0.1, 'hidden_layer_sizes': (2,)}",10,0.6000794208518602,0.603917983979571,0.586964006930087,0.6062593813718571,0.5957961375952509,0.6039739878781866,0.5878739101652748,0.60796106275011,0.5926239662426143,0.6048879719230145,0.24788586300425036,9.126917318316327e-06,0.004903777641902974,0.0015355542015956813
78,1.2032588481903077,0.00048437118530273435,0.558959889868774,0.5667711061272259,tanh,0.0001,"(3,)",0.001,20000,sgd,"{'solver': 'sgd', 'activation': 'tanh', 'max_iter': 20000, 'alpha': 0.0001, 'learning_rate_init': 0.001, 'hidden_layer_sizes': (3,)}",83,0.5519254646090681,0.5636674173772482,0.5810286268224317,0.5723557235937754,0.565317977418532,0.5632660680678204,0.5341852118045967,0.5644001667232599,0.5623421686892416,0.5701661548740262,0.20815672286802936,8.802264120329255e-06,0.015505883076803636,0.003748435341652241
79,1.7095051765441895,0.0004978179931640625,0.5911346207969217,0.6101725058254692,tanh,0.0001,"(3,)",0.001,20000,lbfgs,"{'solver': 'lbfgs', 'activation': 'tanh', 'max_iter': 20000, 'alpha': 0.0001, 'learning_rate_init': 0.001, 'hidden_layer_sizes': (3,)}",20,0.5975770071437227,0.6093063348159008,0.5843448334655988,0.6134884381698362,0.5955252385106422,0.6091956081625587,0.586219680016824,0.6140064807689698,0.5920063448478206,0.6048656672100805,0.5846372995888998,9.658748316130725e-06,0.0051341917269782595,0.0033335233171888023
80,0.36432437896728515,0.0004862308502197266,0.5550746266115614,0.561764567840867,tanh,0.0001,"(3,)",0.01,20000,sgd,"{'solver': 'sgd', 'activation': 'tanh', 'max_iter': 20000, 'alpha': 0.0001, 'learning_rate_init': 0.01, 'hidden_layer_sizes': (3,)}",93,0.569401589748439,0.5834985740415294,0.5816104782364568,0.5871904818448863,0.5447727685232853,0.5386036282227737,0.5094412243868295,0.5339800216214985,0.570147072162796,0.5655501334736468,0.06847029615619692,6.46918841139144e-06,0.025788088675797582,0.022097894778641186
81,2.458667039871216,0.0005032062530517578,0.5891203169456833,0.6106789179788096,tanh,0.0001,"(3,)",0.01,20000,lbfgs,"{'solver': 'lbfgs', 'activation': 'tanh', 'max_iter': 20000, 'alpha': 0.0001, 'learning_rate_init': 0.01, 'hidden_layer_sizes': (3,)}",25,0.5997128377861604,0.6083137273405526,0.5827177869688941,0.6110408801635618,0.5806312081399865,0.6150855461710296,0.5904864291271594,0.6140182575890253,0.5920533227062166,0.6049361786298784,1.2040661178026795,1.1068991767516136e-05,0.006866260138653115,0.003722197191581237
82,0.1305234432220459,0.00048422813415527344,0.17215361036982513,0.17311083169378158,tanh,0.0001,"(3,)",0.1,20000,sgd,"{'solver': 'sgd', 'activation': 'tanh', 'max_iter': 20000, 'alpha': 0.0001, 'learning_rate_init': 0.1, 'hidden_layer_sizes': (3,)}",115,0.34962091891294556,0.33983171743319973,0.426275108578844,0.40404708316181215,-0.009132766951683635,-0.005209457592556532,0.09985074637867941,0.12686072393854642,-0.005845955069659681,2.4091527906167087e-05,0.049696419723121874,5.513606841874031e-06,0.18212560582952603,0.1703077353754814
83,1.979616641998291,0.0004993915557861328,0.5859640763552498,0.6108395911509801,tanh,0.0001,"(3,)",0.1,20000,lbfgs,"{'solver': 'lbfgs', 'activation': 'tanh', 'max_iter': 20000, 'alpha': 0.0001, 'learning_rate_init': 0.1, 'hidden_layer_sizes': (3,)}",44,0.6037987912734999,0.6076218609647606,0.5741818544511956,0.6163410901589261,0.5844745678083517,0.6111856796318684,0.5878813313676343,0.6079630393400294,0.5794838368755679,0.6110862856593158,1.0520042351796206,8.53072204226353e-06,0.01004774417886373,0.0031329048700485633
84,1.277471923828125,0.00047426223754882814,0.5575790328388337,0.5649503433004416,tanh,0.001,"(2,)",0.001,20000,sgd,"{'solver': 'sgd', 'activation': 'tanh', 'max_iter': 20000, 'alpha': 0.001, 'learning_rate_init': 0.001, 'hidden_layer_sizes': (2,)}",88,0.549417983254218,0.5588244534644697,0.584719863388758,0.5732806271478197,0.5701926250864082,0.5688512659115805,0.5304240829177609,0.5616593452243357,0.5531406095470229,0.5621360247540022,0.37128574710044293,4.064040327579978e-06,0.018544115126819048,0.0053082654360198005
85,0.6496543884277344,0.0004815101623535156,0.5722814904908837,0.585785185601601,tanh,0.001,"(2,)",0.001,20000,lbfgs,"{'solver': 'lbfgs', 'activation': 'tanh', 'max_iter': 20000, 'alpha': 0.001, 'learning_rate_init': 0.001, 'hidden_layer_sizes': (2,)}",58,0.5800401674937297,0.5809386036448781,0.5570653640038514,0.585276247752373,0.5427791605179675,0.5498177359631116,0.587850190992862,0.6079328736447811,0.5936725694460082,0.6049604670028612,0.5152824827570223,1.2023106416387954e-05,0.019298071106301558,0.020859613181314848
86,0.22347006797790528,0.0004777431488037109,0.5015389977247697,0.5070135647962932,tanh,0.001,"(2,)",0.01,20000,sgd,"{'solver': 'sgd', 'activation': 'tanh', 'max_iter': 20000, 'alpha': 0.001, 'learning_rate_init': 0.01, 'hidden_layer_sizes': (2,)}",105,0.41509509077200923,0.42531185497848356,0.55160643134889,0.5223165843858232,0.4864358614095794,0.4907418897408744,0.5310240870122439,0.5551441329137958,0.5235335180811258,0.5415533619624893,0.05983401281122334,6.964761296631718e-06,0.0480843656535363,0.04622481666900535
87,0.9720794200897217,0.00048499107360839845,0.5811942039966705,0.5949052297384696,tanh,0.001,"(2,)",0.01,20000,lbfgs,"{'solver': 'lbfgs', 'activation': 'tanh', 'max_iter': 20000, 'alpha': 0.001, 'learning_rate_init': 0.01, 'hidden_layer_sizes': (2,)}",55,0.6001351200513487,0.604039099300397,0.5871104399942397,0.6062308399803533,0.5962667500001494,0.6040618911912565,0.5879203641346152,0.6079464039684886,0.5345383458029997,0.5522479142518526,0.44258931160094295,1.5628624287125775e-05,0.023845134205474624,0.021378775733464285
88,0.06374974250793457,0.0004682064056396484,-0.0038399370204326823,-0.0018741943710519847,tanh,0.001,"(2,)",0.1,20000,sgd,"{'solver': 'sgd', 'activation': 'tanh', 'max_iter': 20000, 'alpha': 0.001, 'learning_rate_init': 0.1, 'hidden_layer_sizes': (2,)}",119,-0.013908119860210233,-0.004397903371615053,-8.620502051548407e-05,-0.0008910698296453745,-0.0013600815463554738,-0.003629155363651604,-0.0007037156706897196,-0.00018197138199149698,-0.0031415630043925002,-0.00027087190835639596,0.021838717250048923,4.340004063790418e-06,0.005136771426013969,0.001780437622219565
89,1.0430562973022461,0.00048351287841796875,0.5824328873343714,0.5946072460351013,tanh,0.001,"(2,)",0.1,20000,lbfgs,"{'solver': 'lbfgs', 'activation': 'tanh', 'max_iter': 20000, 'alpha': 0.001, 'learning_rate_init': 0.1, 'hidden_layer_sizes': (2,)}",53,0.6001648748275952,0.603985320016428,0.5871827015741451,0.6062827626384776,0.5427843139264314,0.5498251820400091,0.5880037790008079,0.6079613915521879,0.5940287673428775,0.6049815739284039,0.49717228140862557,8.188558901797625e-06,0.020369058673330224,0.022430600067518337
90,1.544462299346924,0.0004848480224609375,0.5638816765137611,0.5727953979908198,tanh,0.001,"(3,)",0.001,20000,sgd,"{'solver': 'sgd', 'activation': 'tanh', 'max_iter': 20000, 'alpha': 0.001, 'learning_rate_init': 0.001, 'hidden_layer_sizes': (3,)}",72,0.5589488189925276,0.5732373042240912,0.5829508037214464,0.5804148024847705,0.5726982552132985,0.5663024134273862,0.5350402143959089,0.5640498116751955,0.5697702902456235,0.5799726581426559,0.29785141594664666,2.6999259313377505e-06,0.016323005020714744,0.006758813472697646
91,2.5477314472198485,0.0004975795745849609,0.5878901709796682,0.610167868638022,tanh,0.001,"(3,)",0.001,20000,lbfgs,"{'solver': 'lbfgs', 'activation': 'tanh', 'max_iter': 20000, 'alpha': 0.001, 'learning_rate_init': 0.001, 'hidden_layer_sizes': (3,)}",34,0.5967537117130974,0.6099290767255587,0.5844295296254005,0.613456734641016,0.5958727167774394,0.6039695763959347,0.5852828770351756,0.6139246572373338,0.5771120197472278,0.6095592981902669,0.8356187342612117,8.254931285621744e-06,0.007446152778876957,0.00357145086627905
92,0.38605241775512694,0.00048394203186035155,0.5569490505501935,0.565119606875705,tanh,0.001,"(3,)",0.01,20000,sgd,"{'solver': 'sgd', 'activation': 'tanh', 'max_iter': 20000, 'alpha': 0.001, 'learning_rate_init': 0.01, 'hidden_layer_sizes': (3,)}",90,0.5627071512797137,0.5722245279001152,0.5215969368036228,0.5417617014593719,0.589678160136347,0.5803781486408229,0.5480795338706735,0.5652964358715913,0.5626834706606103,0.5659372205066235,0.04156762991694223,3.7709348525557603e-06,0.02220663947919744,0.012880951094873158
93,2.279392385482788,0.0005382537841796875,0.5887691074476922,0.6100345324383831,tanh,0.001,"(3,)",0.01,20000,lbfgs,"{'solver': 'lbfgs', 'activation': 'tanh', 'max_iter': 20000, 'alpha': 0.001, 'learning_rate_init': 0.01, 'hidden_layer_sizes': (3,)}",27,0.5956065964523531,0.6097633828851092,0.5870397073955579,0.60629537984121,0.5960031288728,0.6091037431012154,0.585702468865356,0.6139696862006441,0.5794936356523935,0.6110404701637366,0.9135475491421915,6.772172196260734e-05,0.006285090224144035,0.0025067308932272122
94,0.08239483833312988,0.00047898292541503906,0.10532263333526908,0.11093443685636462,tanh,0.001,"(3,)",0.1,20000,sgd,"{'solver': 'sgd', 'activation': 'tanh', 'max_iter': 20000, 'alpha': 0.001, 'learning_rate_init': 0.1, 'hidden_layer_sizes': (3,)}",117,-0.0013418725364358064,-0.0003290740815875548,0.3252901621460148,0.3157125870209475,-0.011762073228287262,-0.007245838438090901,-0.009537020985962874,-0.007974780198996445,0.22396397128101653,0.25450928997955047,0.03874430557550634,5.175385876165441e-06,0.14194390886218772,0.1435502542455463
95,2.2471174716949465,0.0005323410034179688,0.5876054155208722,0.6112015763325476,tanh,0.001,"(3,)",0.1,20000,lbfgs,"{'solver': 'lbfgs', 'activation': 'tanh', 'max_iter': 20000, 'alpha': 0.001, 'learning_rate_init': 0.1, 'hidden_layer_sizes': (3,)}",35,0.5968537476381774,0.6099654614488768,0.587108664347893,0.6062861319115429,0.5862711721201546,0.6167249889852793,0.5862082902294825,0.6139953416166368,0.581585203268654,0.6090359577004021,0.770936580591782,8.184064929290072e-05,0.005015047931451761,0.0037065533779092703
96,1.1624022483825684,0.00047435760498046873,0.5521514205818028,0.5589238808407062,tanh,0.01,"(2,)",0.001,20000,sgd,"{'solver': 'sgd', 'activation': 'tanh', 'max_iter': 20000, 'alpha': 0.01, 'learning_rate_init': 0.001, 'hidden_layer_sizes': (2,)}",94,0.5479100430897554,0.556877021201202,0.5827093189643304,0.5618593822598651,0.5627974673851068,0.5598326481762692,0.5170811990248103,0.5511383877081313,0.5502590744450111,0.5649119648580637,0.1424672619886166,5.62506183740945e-06,0.0214411481179672,0.004692626440538503
97,0.7827477931976319,0.0004809856414794922,0.5881621130292376,0.5931723106541066,tanh,0.01,"(2,)",0.001,20000,lbfgs,"{'solver': 'lbfgs', 'activation': 'tanh', 'max_iter': 20000, 'alpha': 0.01, 'learning_rate_init': 0.001, 'hidden_layer_sizes': (2,)}",32,0.5999006159556448,0.6039016257342311,0.5645802195033092,0.5454641295197287,0.5967363135790691,0.6038993823757983,0.5879272300375282,0.6077631985920195,0.5916661860706367,0.6048332170487551,0.38138694492993136,1.0142854292113476e-05,0.012487984354486363,0.023896148500220735
98,0.25623626708984376,0.00047469139099121094,0.5087481899006026,0.5102821404006744,tanh,0.01,"(2,)",0.01,20000,sgd,"{'solver': 'sgd', 'activation': 'tanh', 'max_iter': 20000, 'alpha': 0.01, 'learning_rate_init': 0.01, 'hidden_layer_sizes': (2,)}",103,0.4705493172421574,0.484968988785602,0.5433014435910631,0.5175452421164803,0.5888959045096029,0.5719463296443346,0.41811659620319863,0.45689044596907735,0.522877687956991,0.5200596954878778,0.05711203736327666,7.236308275258617e-06,0.05914467999993912,0.038580446197679065
99,0.5287956237792969,0.00048322677612304686,0.5700727229017062,0.5836520237966158,tanh,0.01,"(2,)",0.01,20000,lbfgs,"{'solver': 'lbfgs', 'activation': 'tanh', 'max_iter': 20000, 'alpha': 0.01, 'learning_rate_init': 0.01, 'hidden_layer_sizes': (2,)}",60,0.5476885726969679,0.548835352700058,0.5874975823564113,0.6060524766342952,0.5964643857840348,0.6039234384456158,0.5275168930762559,0.554604143855366,0.5911961805948611,0.6048447073477441,0.3086115043391219,1.0776308783432124e-05,0.027416764558007862,0.026145058005788382
100,0.07461385726928711,0.00048313140869140627,-0.012911178198174422,-0.006463098262961165,tanh,0.01,"(2,)",0.1,20000,sgd,"{'solver': 'sgd', 'activation': 'tanh', 'max_iter': 20000, 'alpha': 0.01, 'learning_rate_init': 0.1, 'hidden_layer_sizes': (2,)}",120,-0.02564288734375375,-0.011932577434945246,-0.000732869922957402,-0.002099752525525078,-0.0014017686373009042,-0.00028962678745436676,-0.004212862481360435,-0.007048136448432274,-0.03256550260549962,-0.010945398118448857,0.041892291786751946,8.183837109727835e-06,0.013452340189509976,0.004636788116121541
101,0.6500533580780029,0.0004879951477050781,0.5708139848201343,0.5837626054365623,tanh,0.01,"(2,)",0.1,20000,lbfgs,"{'solver': 'lbfgs', 'activation': 'tanh', 'max_iter': 20000, 'alpha': 0.01, 'learning_rate_init': 0.1, 'hidden_layer_sizes': (2,)}",59,0.5476138622583592,0.5488373825424202,0.5872536436371271,0.6061034030876418,0.5967417892901485,0.60387015445166,0.5879461558359291,0.6077568567123386,0.5345144730791076,0.5522452303887511,0.41984342661242896,1.0352309316447852e-05,0.024867347867785102,0.027174491662130606
102,1.4554577827453614,0.0004864215850830078,0.5634871581190481,0.5702096068323804,tanh,0.01,"(3,)",0.001,20000,sgd,"{'solver': 'sgd', 'activation': 'tanh', 'max_iter': 20000, 'alpha': 0.01, 'learning_rate_init': 0.001, 'hidden_layer_sizes': (3,)}",73,0.558186346463286,0.5753944197238736,0.5791583839900507,0.5643945336812206,0.5756987190420934,0.5715253187803122,0.5369402105588219,0.5652967561294311,0.5674521305409888,0.5744370058470649,0.17121942458794487,5.37664292061994e-06,0.01512130666152393,0.004570239881272959
103,1.756457471847534,0.0004983425140380859,0.5562717335024636,0.6115941495010769,tanh,0.01,"(3,)",0.001,20000,lbfgs,"{'solver': 'lbfgs', 'activation': 'tanh', 'max_iter': 20000, 'alpha': 0.01, 'learning_rate_init': 0.001, 'hidden_layer_sizes': (3,)}",91,0.5973112235068561,0.6084821859238649,0.446112432036605,0.6142755418277387,0.5817505883688393,0.6110186540962826,0.5815754054485625,0.6137552556346306,0.5746090181514547,0.6104391100228679,0.6593351269479915,9.557463071995834e-06,0.05557880046712469,0.002154524216295505
104,0.3198408126831055,0.00048379898071289064,0.5613397445680048,0.5668690999962384,tanh,0.01,"(3,)",0.01,20000,sgd,"{'solver': 'sgd', 'activation': 'tanh', 'max_iter': 20000, 'alpha': 0.01, 'learning_rate_init': 0.01, 'hidden_layer_sizes': (3,)}",75,0.5610801475513811,0.5818066757488908,0.5699940688900276,0.5748139421487879,0.543845269695564,0.5343395370693962,0.5498661717832406,0.5606606675755719,0.5819130649198109,0.5827246774385454,0.037262691040956274,5.545269683878567e-06,0.013681562439206837,0.018079646675516203
105,1.8223372459411622,0.0004942417144775391,0.5849078584874471,0.6095468271480852,tanh,0.01,"(3,)",0.01,20000,lbfgs,"{'solver': 'lbfgs', 'activation': 'tanh', 'max_iter': 20000, 'alpha': 0.01, 'learning_rate_init': 0.01, 'hidden_layer_sizes': (3,)}",48,0.5973162278070901,0.608466467903357,0.5855133863142149,0.6101384490213427,0.5813572266646532,0.610988346464911,0.5879774803582418,0.6077612896031022,0.5723749712930353,0.6103795827477128,0.7065734267440342,9.592607906710041e-06,0.008166236823901192,0.001222848861685149
106,0.09439558982849121,0.000496673583984375,0.15750003761347092,0.16482428569099994,tanh,0.01,"(3,)",0.1,20000,sgd,"{'solver': 'sgd', 'activation': 'tanh', 'max_iter': 20000, 'alpha': 0.01, 'learning_rate_init': 0.1, 'hidden_layer_sizes': (3,)}",116,-0.015125371557515477,-0.00511748165008985,-0.004853916414400361,-0.007342210928175996,0.43118166193762786,0.40634953785781325,0.37829092266917397,0.43098981664876435,-0.001993108567531321,-0.0007582334733120533,0.03598259387552659,2.6353785052405092e-05,0.2026063416455856,0.20742112467258728
107,1.4597086429595947,0.0004935741424560546,0.5849387591186315,0.6118904510829227,tanh,0.01,"(3,)",0.1,20000,lbfgs,"{'solver': 'lbfgs', 'activation': 'tanh', 'max_iter': 20000, 'alpha': 0.01, 'learning_rate_init': 0.1, 'hidden_layer_sizes': (3,)}",47,0.5974351896346768,0.6085016695674046,0.5836316896689475,0.6131284161960522,0.5961809630047924,0.6138263868248768,0.5726855293353887,0.6135715715574341,0.5747604239493517,0.610424211268846,0.4516137970153223,8.241699569986226e-06,0.010373008255523584,0.002085198802053334
108,1.1572671413421631,0.0004702091217041016,0.5557811617981164,0.5602573734779343,tanh,0.1,"(2,)",0.001,20000,sgd,"{'solver': 'sgd', 'activation': 'tanh', 'max_iter': 20000, 'alpha': 0.1, 'learning_rate_init': 0.001, 'hidden_layer_sizes': (2,)}",92,0.5578427273032636,0.5647408371534365,0.585421682684357,0.5597255877929952,0.5649528786002742,0.5602951138898704,0.5179330782445339,0.5521951342328824,0.552755442158153,0.5643301943204866,0.1480694879328364,1.9156751085854214e-06,0.02194795356226763,0.004516043359909886
109,0.6099384307861329,0.0004888057708740234,0.5933018175746904,0.6046644328698084,tanh,0.1,"(2,)",0.001,20000,lbfgs,"{'solver': 'lbfgs', 'activation': 'tanh', 'max_iter': 20000, 'alpha': 0.1, 'learning_rate_init': 0.001, 'hidden_layer_sizes': (2,)}",3,0.5973654236383553,0.603413698225093,0.5883833288657243,0.6054099908558703,0.5989787357504297,0.6031231275727102,0.5878418730942474,0.6070228027779634,0.5939397265246952,0.6043525449174049,0.07789316766022837,1.1177128085314644e-05,0.0045420204084291975,0.0014251314746001646
110,0.27526025772094725,0.00047740936279296877,0.495158828525404,0.509223197210668,tanh,0.1,"(2,)",0.01,20000,sgd,"{'solver': 'sgd', 'activation': 'tanh', 'max_iter': 20000, 'alpha': 0.1, 'learning_rate_init': 0.01, 'hidden_layer_sizes': (2,)}",106,0.521511344361016,0.5253289842319201,0.5441755689365769,0.5168392283731924,0.5158206817641916,0.526342699342073,0.5421914795686023,0.565338279689263,0.3520950679966335,0.4122667944168916,0.07161741428802779,6.32703795614784e-06,0.07239242771374413,0.05130287357206842
111,0.554752779006958,0.000493001937866211,0.5933676006111376,0.6046815566954893,tanh,0.1,"(2,)",0.01,20000,lbfgs,"{'solver': 'lbfgs', 'activation': 'tanh', 'max_iter': 20000, 'alpha': 0.1, 'learning_rate_init': 0.01, 'hidden_layer_sizes': (2,)}",1,0.5975708396052581,0.6034385141906847,0.5883574176630975,0.6054095384918143,0.598887826467462,0.6031523516463986,0.5878847485571983,0.6070315599641984,0.5941371707626719,0.6043758191843506,0.0930116025202915,1.0041244078227897e-05,0.004558419673151622,0.0014163030068002375
112,0.1155613899230957,0.00048055648803710935,0.1836151766236092,0.19423856706182663,tanh,0.1,"(2,)",0.1,20000,sgd,"{'solver': 'sgd', 'activation': 'tanh', 'max_iter': 20000, 'alpha': 0.1, 'learning_rate_init': 0.1, 'hidden_layer_sizes': (2,)}",112,-0.0008626518215586465,-0.0006568892334914977,-0.004405616326092376,-0.006841054310402939,0.4773716532256824,0.48380847147540695,0.4473459796547252,0.4961877894856074,-0.0013734816147106255,-0.0013054821079867551,0.02406163518710652,6.172417116273654e-06,0.2277944228725519,0.24152796552196673
113,0.5682185649871826,0.000498819351196289,0.5932817675564279,0.6046761666835443,tanh,0.1,"(2,)",0.1,20000,lbfgs,"{'solver': 'lbfgs', 'activation': 'tanh', 'max_iter': 20000, 'alpha': 0.1, 'learning_rate_init': 0.1, 'hidden_layer_sizes': (2,)}",4,0.5972614564162071,0.6034004071005425,0.5884043043844019,0.6054092415294414,0.5989556022020677,0.6031498154327204,0.5878567850202786,0.6070275514656485,0.5939306897591842,0.6043938178893687,0.1017988270851628,8.254104924812263e-06,0.004509357061576233,0.0014215091008701304
114,1.396946620941162,0.0004903793334960938,0.5630423000166469,0.5713025729543977,tanh,0.1,"(3,)",0.001,20000,sgd,"{'solver': 'sgd', 'activation': 'tanh', 'max_iter': 20000, 'alpha': 0.1, 'learning_rate_init': 0.001, 'hidden_layer_sizes': (3,)}",74,0.5545833985098136,0.5699950624808963,0.5892449727593327,0.579726114182689,0.5713605674897233,0.5640716926018321,0.5368830706526686,0.5681597863110712,0.5631394906716962,0.5745602091955,0.33600093798694897,1.3337298123917683e-05,0.017387589679175728,0.005393339649993752
115,0.8845499992370606,0.0004960536956787109,0.5922619635970982,0.6067935919291674,tanh,0.1,"(3,)",0.001,20000,lbfgs,"{'solver': 'lbfgs', 'activation': 'tanh', 'max_iter': 20000, 'alpha': 0.1, 'learning_rate_init': 0.001, 'hidden_layer_sizes': (3,)}",18,0.5973887353187637,0.603431037747751,0.5870491328997598,0.6096795959705208,0.5952656543066093,0.6094337827181435,0.587861332287125,0.607022990275045,0.5937449631732333,0.6044005529343768,0.20451959909940737,9.203821843295888e-06,0.004099863259005573,0.0025450208872833825
116,0.3201910018920898,0.0005228519439697266,0.5422123843905369,0.5612659387240182,tanh,0.1,"(3,)",0.01,20000,sgd,"{'solver': 'sgd', 'activation': 'tanh', 'max_iter': 20000, 'alpha': 0.1, 'learning_rate_init': 0.01, 'hidden_layer_sizes': (3,)}",97,0.56654755554788,0.5823526402934491,0.5805825389526411,0.590486287764761,0.5307281637855767,0.5468020006839198,0.4794931039737059,0.5172774837589715,0.5537105596928807,0.5694112811189898,0.11285192249429077,8.118704008290888e-05,0.03539003478542753,0.026491561138264928
117,1.1823699474334717,0.0005427837371826172,0.586055044004358,0.6088244309672713,tanh,0.1,"(3,)",0.01,20000,lbfgs,"{'solver': 'lbfgs', 'activation': 'tanh', 'max_iter': 20000, 'alpha': 0.1, 'learning_rate_init': 0.01, 'hidden_layer_sizes': (3,)}",43,0.5973837436624208,0.6034236745713892,0.5869804413316249,0.6096584363429824,0.5887159415822403,0.6082813433257781,0.5847547082460247,0.6128485678531879,0.5724403851994799,0.6099101327430196,0.31912074501631166,0.00011115733854926827,0.008041467273247185,0.003083216010051068
118,0.0896186351776123,0.0005219459533691406,0.23243434368810875,0.23975274599265325,tanh,0.1,"(3,)",0.1,20000,sgd,"{'solver': 'sgd', 'activation': 'tanh', 'max_iter': 20000, 'alpha': 0.1, 'learning_rate_init': 0.1, 'hidden_layer_sizes': (3,)}",111,0.3360160333840735,0.3659693789060299,0.35418583220459876,0.3244112494873683,-0.008227553166835655,-0.004538348827679339,0.22084232276699123,0.2478261815491024,0.2593550832517161,0.26509526884844503,0.02220791245825838,7.735724382434861e-05,0.12986904262506846,0.12921552807062464
119,1.3934497833251953,0.0004944801330566406,0.5869099689529982,0.6099791095724533,tanh,0.1,"(3,)",0.1,20000,lbfgs,"{'solver': 'lbfgs', 'activation': 'tanh', 'max_iter': 20000, 'alpha': 0.1, 'learning_rate_init': 0.1, 'hidden_layer_sizes': (3,)}",39,0.5964026859187288,0.608076871219084,0.5828779846397303,0.6106699679641339,0.5977074179176811,0.6083549497396118,0.5846728042581959,0.6128462686846068,0.5728889520306548,0.6099474902548301,0.44197221797263,1.2379412637469454e-05,0.009214632911268355,0.0017294676862348079
